
TOP SOURCE: user_project_wrapper
SOURCE FILE(S): /opt/pdks/sky130A/libs.ref/sky130_fd_sc_hd/spice/sky130_ef_sc_hd__decap_12.spice
 /opt/pdks/sky130A/libs.ref/sky130_fd_sc_hd/spice/sky130_ef_sc_hd__decap_20_12.spice
 /opt/pdks/sky130A/libs.ref/sky130_fd_sc_hd/spice/sky130_ef_sc_hd__decap_40_12.spice
 /opt/pdks/sky130A/libs.ref/sky130_fd_sc_hd/spice/sky130_ef_sc_hd__decap_60_12.spice
 /opt/pdks/sky130A/libs.ref/sky130_fd_sc_hd/spice/sky130_ef_sc_hd__decap_80_12.spice
 /opt/pdks/sky130A/libs.ref/sky130_fd_sc_hd/spice/sky130_fd_sc_hd.spice
 /tmp/tmpvjn2kage/repo/verilog/gl/afe_wb.v
 /tmp/tmpvjn2kage/repo/verilog/gl/user_project_wrapper.v
TOP LAYOUT: user_project_wrapper
LAYOUT FILE: /tmp/tmpvjn2kage/repo/gds/user_project_wrapper.gds
EXTRACT_FLATGLOB: 
EXTRACT_ABSTRACT: *__fill_*
 *__fakediode_*
 *__tapvpwrvgnd_*
LVS_FLATTEN: 
LVS_NOFLATTEN: 
LVS_IGNORE: 
WORK_ROOT   : /tmp/tmpvjn2kage/repo/precheck_results/16_SEP_2026___21_38_25/tmp
LOG_ROOT    : /tmp/tmpvjn2kage/repo/precheck_results/16_SEP_2026___21_38_25/logs
SIGNOFF_ROOT: /tmp/tmpvjn2kage/repo/precheck_results/16_SEP_2026___21_38_25/outputs/reports
 
Running hierarchical comparison between verilog and layout...
Creating /tmp/tmpvjn2kage/repo/precheck_results/16_SEP_2026___21_38_25/tmp/verilog.cells from the following files...
	/tmp/tmpvjn2kage/repo/verilog/gl/afe_wb.v
	/tmp/tmpvjn2kage/repo/verilog/gl/user_project_wrapper.v
[INFO] Changing from /tmp/tmpvjn2kage/repo/gds/user_project_wrapper.gds
	to /tmp/tmpvjn2kage/repo/precheck_results/16_SEP_2026___21_38_25/tmp/layout.txt
Hierarchy check for user_project_wrapper failed. See /tmp/tmpvjn2kage/repo/precheck_results/16_SEP_2026___21_38_25/tmp/hier.csv
 
Running LVS...
TOP SOURCE: user_project_wrapper
SOURCE FILE(S): /opt/pdks/sky130A/libs.ref/sky130_fd_sc_hd/spice/sky130_ef_sc_hd__decap_12.spice
 /opt/pdks/sky130A/libs.ref/sky130_fd_sc_hd/spice/sky130_ef_sc_hd__decap_20_12.spice
 /opt/pdks/sky130A/libs.ref/sky130_fd_sc_hd/spice/sky130_ef_sc_hd__decap_40_12.spice
 /opt/pdks/sky130A/libs.ref/sky130_fd_sc_hd/spice/sky130_ef_sc_hd__decap_60_12.spice
 /opt/pdks/sky130A/libs.ref/sky130_fd_sc_hd/spice/sky130_ef_sc_hd__decap_80_12.spice
 /opt/pdks/sky130A/libs.ref/sky130_fd_sc_hd/spice/sky130_fd_sc_hd.spice
 /tmp/tmpvjn2kage/repo/verilog/gl/afe_wb.v
 /tmp/tmpvjn2kage/repo/verilog/gl/user_project_wrapper.v
TOP LAYOUT: user_project_wrapper
LAYOUT FILE: /tmp/tmpvjn2kage/repo/gds/user_project_wrapper.gds
EXTRACT_FLATGLOB: 
EXTRACT_ABSTRACT: *__fill_*
 *__fakediode_*
 *__tapvpwrvgnd_*
LVS_FLATTEN: 
LVS_NOFLATTEN: 
LVS_IGNORE: 
WORK_ROOT   : /tmp/tmpvjn2kage/repo/precheck_results/16_SEP_2026___21_38_25/tmp
LOG_ROOT    : /tmp/tmpvjn2kage/repo/precheck_results/16_SEP_2026___21_38_25/logs
SIGNOFF_ROOT: /tmp/tmpvjn2kage/repo/precheck_results/16_SEP_2026___21_38_25/outputs/reports
 
Running extract...
TOP LAYOUT: user_project_wrapper
LAYOUT FILE: /tmp/tmpvjn2kage/repo/gds/user_project_wrapper.gds
EXTRACT_FLATGLOB: 
EXTRACT_ABSTRACT: *__fill_*
 *__fakediode_*
 *__tapvpwrvgnd_*
WORK_ROOT   : /tmp/tmpvjn2kage/repo/precheck_results/16_SEP_2026___21_38_25/tmp
LOG_ROOT    : /tmp/tmpvjn2kage/repo/precheck_results/16_SEP_2026___21_38_25/logs
SIGNOFF_ROOT: /tmp/tmpvjn2kage/repo/precheck_results/16_SEP_2026___21_38_25/outputs/reports
LOG FILE: /tmp/tmpvjn2kage/repo/precheck_results/16_SEP_2026___21_38_25/logs/ext.log
Adding subcutout style to tech file.
/opt/pdks/sky130A/libs.tech/magic/sky130A.tech: version 1.0.493
Extracting to /tmp/tmpvjn2kage/repo/precheck_results/16_SEP_2026___21_38_25/tmp/ext
 

Magic 8.3 revision 471 - Compiled on Wed Apr 22 16:23:58 UTC 2026.
Starting magic under Tcl interpreter
Using the terminal as the console.
Using NULL graphics device.
Processing system .magicrc file
Sourcing design magicrc.well for technology sky130A ...
2 Magic internal units = 1 Lambda
Loading tech file /tmp/tmpvjn2kage/repo/precheck_results/16_SEP_2026___21_38_25/tmp/sky130A.tech
Input style sky130(): scaleFactor=2, multiplier=2
The following types are not handled by extraction and will be treated as non-electrical types:
    ubm 
Scaled tech values by 2 / 1 to match internal grid scaling
Loading "/tmp/tmpvjn2kage/repo/precheck_results/16_SEP_2026___21_38_25/tmp/ext/abstract.tcl" from command line.
Abstracting
CIF input style is now "sky130()"
Abstracting /tmp/tmpvjn2kage/repo/gds/user_project_wrapper.gds
Warning: Calma reading is not undoable!  I hope that's OK.
Library written using GDS-II Release 6.0
Library name: LIB
Reading "sky130_fd_sc_hd__or4bb_4$1".
Reading "sky130_fd_sc_hd__and4b_1$1".
Reading "sky130_fd_sc_hd__o21a_1$1".
Reading "sky130_fd_sc_hd__inv_2$1".
Reading "sky130_fd_sc_hd__nor4b_1$1".
Reading "sky130_fd_sc_hd__o31a_1$1".
Reading "sky130_fd_sc_hd__nor4b_2$1".
Reading "sky130_fd_sc_hd__nand2_4$1".
Reading "sky130_fd_sc_hd__or4_2$1".
Reading "sky130_fd_sc_hd__nor4b_4$1".
Reading "sky130_fd_sc_hd__nand2_8$1".
Reading "sky130_fd_sc_hd__and4bb_4$1".
Reading "sky130_fd_sc_hd__and4b_4$1".
Reading "sky130_fd_sc_hd__and2_2$1".
Reading "sky130_fd_sc_hd__and2_1$1".
Reading "sky130_fd_sc_hd__nand2_2$1".
Reading "sky130_fd_sc_hd__or3_1$1".
Reading "sky130_fd_sc_hd__buf_8$1".
Reading "sky130_fd_sc_hd__a21o_1$1".
Reading "sky130_fd_sc_hd__buf_6$1".
Reading "sky130_fd_sc_hd__or4_1$1".
Reading "sky130_fd_sc_hd__dfxtp_2$1".
Reading "sky130_fd_sc_hd__dfxtp_4$1".
Reading "sky130_fd_sc_hd__o221a_1$1".
Reading "sky130_fd_sc_hd__inv_8$1".
Reading "sky130_fd_sc_hd__clkinvlp_4$1".
Reading "sky130_fd_sc_hd__clkbuf_16$1".
Reading "sky130_fd_sc_hd__bufinv_16$1".
Reading "sky130_fd_sc_hd__a221o_1$1".
Reading "sky130_fd_sc_hd__dlygate4sd3_1$1".
Reading "sky130_fd_sc_hd__clkinv_4$1".
Reading "sky130_fd_sc_hd__a2111o_1$1".
Reading "sky130_fd_sc_hd__buf_4$1".
Reading "sky130_fd_sc_hd__clkinv_2$1".
Reading "sky130_fd_sc_hd__inv_6$1".
Reading "sky130_fd_sc_hd__a22o_1$1".
Reading "sky130_fd_sc_hd__diode_2$1".
Reading "sky130_fd_sc_hd__o211a_1$1".
Reading "sky130_fd_sc_hd__or2_1$1".
Reading "sky130_fd_sc_hd__inv_4$1".
Reading "sky130_fd_sc_hd__clkbuf_8$1".
Reading "sky130_fd_sc_hd__dfxtp_1$1".
Reading "sky130_fd_sc_hd__conb_1$1".
Reading "sky130_fd_sc_hd__buf_12$1".
Reading "sky130_fd_sc_hd__dlymetal6s2s_1$1".
Reading "sky130_fd_sc_hd__buf_1$1".
Reading "sky130_fd_sc_hd__clkbuf_2$1".
Reading "sky130_fd_sc_hd__buf_2$1".
Reading "sky130_fd_sc_hd__fill_2$1".
Reading "sky130_fd_sc_hd__fill_4$1".
Reading "sky130_fd_sc_hd__clkbuf_4$1".
Reading "sky130_fd_sc_hd__tapvpwrvgnd_1$1".
Reading "sky130_fd_sc_hd__fill_8$1".
Reading "sky130_fd_sc_hd__fill_1$1".
Reading "sky130_fd_sc_hd__decap_3$1".
Reading "sky130_ef_sc_hd__decap_40_12$1".
Reading "CF_ADC_SAR12_sar_refs_core".
CIF file read warning: CIF style sky130(): units rescaled by factor of 5 / 1
Error while reading cell "CF_ADC_SAR12_sar_refs_core" (byte position 382664): Unknown layer/datatype in boundary, layer=67 type=10
Error while reading cell "CF_ADC_SAR12_sar_refs_core" (byte position 382728): Unknown layer/datatype in boundary, layer=68 type=10
Error while reading cell "CF_ADC_SAR12_sar_refs_core" (byte position 384136): Unknown layer/datatype in boundary, layer=69 type=10
Error while reading cell "CF_ADC_SAR12_sar_refs_core" (byte position 406536): Unknown layer/datatype in boundary, layer=70 type=10
Error while reading cell "CF_ADC_SAR12_sar_refs_core" (byte position 417672): Unknown layer/datatype in boundary, layer=71 type=10
Reading "CF_REFBUF_core".
Error while reading cell "CF_REFBUF_core" (byte position 421366): Unknown layer/datatype in boundary, layer=68 type=10
Error while reading cell "CF_REFBUF_core" (byte position 422710): Unknown layer/datatype in boundary, layer=69 type=10
Reading "CF_BGR_core".
Error while reading cell "CF_BGR_core" (byte position 444248): Unknown layer/datatype in boundary, layer=67 type=10
Error while reading cell "CF_BGR_core" (byte position 444312): Unknown layer/datatype in boundary, layer=68 type=10
Error while reading cell "CF_BGR_core" (byte position 445144): Unknown layer/datatype in boundary, layer=69 type=10
Reading "CF_ADC_SAR12_core".
Error while reading cell "CF_ADC_SAR12_core" (byte position 470350): Unknown layer/datatype in boundary, layer=67 type=10
Error while reading cell "CF_ADC_SAR12_core" (byte position 470414): Unknown layer/datatype in boundary, layer=68 type=10
Error while reading cell "CF_ADC_SAR12_core" (byte position 474446): Unknown layer/datatype in boundary, layer=69 type=10
Error while reading cell "CF_ADC_SAR12_core" (byte position 485390): Unknown layer/datatype in boundary, layer=70 type=10
Error while reading cell "CF_ADC_SAR12_core" (byte position 495630): Unknown layer/datatype in boundary, layer=71 type=10
Reading "CF_BUF_HIZ_core".
Reading "VIA_M1M2_PR_MR".
Reading "VIA_M3M4_PR_MR".
Reading "VIA_M4M5_PR".
Reading "VIA_M2M3_PR_MR".
Reading "VIA_M3M4_PR_M".
Reading "VIA_M3M4_PR".
Reading "VIA_M2M3_PR".
Reading "VIA_M1M2_PR".
Reading "VIA_M2M3_PR_M".
Reading "VIA_via5_6_3100_3100_2_2_1600_1600".
Reading "VIA_via5_6_1600_3100_2_1_1600_1600".
Reading "CF_REFBUF".
Error while reading cell "CF_REFBUF" (byte position 551710): Unknown layer/datatype in boundary, layer=67 type=10
Error while reading cell "CF_REFBUF" (byte position 551774): Unknown layer/datatype in boundary, layer=68 type=10
Error while reading cell "CF_REFBUF" (byte position 553886): Unknown layer/datatype in boundary, layer=69 type=10
Reading "CF_BUF_HIZ".
Error while reading cell "CF_BUF_HIZ" (byte position 617564): Unknown layer/datatype in boundary, layer=67 type=10
Error while reading cell "CF_BUF_HIZ" (byte position 617628): Unknown layer/datatype in boundary, layer=68 type=10
Error while reading cell "CF_BUF_HIZ" (byte position 618012): Unknown layer/datatype in boundary, layer=69 type=10
Reading "CF_BGR".
Error while reading cell "CF_BGR" (byte position 724428): Unknown layer/datatype in boundary, layer=67 type=10
Error while reading cell "CF_BGR" (byte position 724492): Unknown layer/datatype in boundary, layer=68 type=10
Error while reading cell "CF_BGR" (byte position 725580): Unknown layer/datatype in boundary, layer=69 type=10
Reading "CF_ADC_SAR12_sar_refs".
Error while reading cell "CF_ADC_SAR12_sar_refs" (byte position 863282): Unknown layer/datatype in boundary, layer=67 type=10
Error while reading cell "CF_ADC_SAR12_sar_refs" (byte position 863346): Unknown layer/datatype in boundary, layer=68 type=10
Error while reading cell "CF_ADC_SAR12_sar_refs" (byte position 863986): Unknown layer/datatype in boundary, layer=69 type=10
Reading "CF_ADC_SAR12".
Error while reading cell "CF_ADC_SAR12" (byte position 1011020): Unknown layer/datatype in boundary, layer=67 type=10
Error while reading cell "CF_ADC_SAR12" (byte position 1011084): Unknown layer/datatype in boundary, layer=68 type=10
Error while reading cell "CF_ADC_SAR12" (byte position 1015372): Unknown layer/datatype in boundary, layer=69 type=10
Reading "afe_wb".
    5000 uses
    10000 uses
    15000 uses
Reading "user_project_wrapper".
Error while reading cell "user_project_wrapper" (byte position 6387778): Warning: cell "VIA_via5_6_3100_3100_2_2_1600_1600" placed on top of itself.  Ignoring the extra one.
Error while reading cell "user_project_wrapper" (byte position 6390342): Warning: cell "VIA_via5_6_3100_3100_2_2_1600_1600" placed on top of itself.  Ignoring the extra one.
Error while reading cell "user_project_wrapper" (byte position 6390574): Warning: cell "VIA_via5_6_3100_3100_2_2_1600_1600" placed on top of itself.  Ignoring the extra one.
Error while reading cell "user_project_wrapper" (byte position 6390994): Warning: cell "VIA_via5_6_3100_3100_2_2_1600_1600" placed on top of itself.  Ignoring the extra one.
Error while reading cell "user_project_wrapper" (byte position 6393804): Warning: cell "VIA_via5_6_3100_3100_2_2_1600_1600" placed on top of itself.  Ignoring the extra one.
Error while reading cell "user_project_wrapper" (byte position 6393920): Warning: cell "VIA_via5_6_3100_3100_2_2_1600_1600" placed on top of itself.  Ignoring the extra one.
Error while reading cell "user_project_wrapper" (byte position 6394304): Warning: cell "VIA_via5_6_3100_3100_2_2_1600_1600" placed on top of itself.  Ignoring the extra one.
Error while reading cell "user_project_wrapper" (byte position 6394362): Warning: cell "VIA_via5_6_3100_3100_2_2_1600_1600" placed on top of itself.  Ignoring the extra one.
Error while reading cell "user_project_wrapper" (byte position 6394420): Warning: cell "VIA_via5_6_3100_3100_2_2_1600_1600" placed on top of itself.  Ignoring the extra one.
Error while reading cell "user_project_wrapper" (byte position 6398630): Warning: cell "VIA_via5_6_3100_3100_2_2_1600_1600" placed on top of itself.  Ignoring the extra one.
Error while reading cell "user_project_wrapper" (byte position 6398688): Warning: cell "VIA_via5_6_3100_3100_2_2_1600_1600" placed on top of itself.  Ignoring the extra one.
Error while reading cell "user_project_wrapper" (byte position 6399268): Warning: cell "VIA_via5_6_3100_3100_2_2_1600_1600" placed on top of itself.  Ignoring the extra one.
Error while reading cell "user_project_wrapper" (byte position 6401492): Warning: cell "VIA_via5_6_3100_3100_2_2_1600_1600" placed on top of itself.  Ignoring the extra one.
Error while reading cell "user_project_wrapper" (byte position 6401666): Warning: cell "VIA_via5_6_3100_3100_2_2_1600_1600" placed on top of itself.  Ignoring the extra one.
Error while reading cell "user_project_wrapper" (byte position 6401724): Warning: cell "VIA_via5_6_3100_3100_2_2_1600_1600" placed on top of itself.  Ignoring the extra one.
Error while reading cell "user_project_wrapper" (byte position 6403000): Warning: cell "VIA_via5_6_3100_3100_2_2_1600_1600" placed on top of itself.  Ignoring the extra one.
Error while reading cell "user_project_wrapper" (byte position 6404884): Warning: cell "VIA_via5_6_3100_3100_2_2_1600_1600" placed on top of itself.  Ignoring the extra one.
Error while reading cell "user_project_wrapper" (byte position 6405174): Warning: cell "VIA_via5_6_3100_3100_2_2_1600_1600" placed on top of itself.  Ignoring the extra one.
Error while reading cell "user_project_wrapper" (byte position 6405580): Warning: cell "VIA_via5_6_3100_3100_2_2_1600_1600" placed on top of itself.  Ignoring the extra one.
Error while reading cell "user_project_wrapper" (byte position 6406044): Warning: cell "VIA_via5_6_3100_3100_2_2_1600_1600" placed on top of itself.  Ignoring the extra one.
Error while reading cell "user_project_wrapper" (byte position 6406102): Warning: cell "VIA_via5_6_3100_3100_2_2_1600_1600" placed on top of itself.  Ignoring the extra one.
Error while reading cell "user_project_wrapper" (byte position 6407022): Warning: cell "VIA_via5_6_3100_3100_2_2_1600_1600" placed on top of itself.  Ignoring the extra one.
Error while reading cell "user_project_wrapper" (byte position 6407802): Warning: cell "VIA_via5_6_3100_3100_2_2_1600_1600" placed on top of itself.  Ignoring the extra one.
Error while reading cell "user_project_wrapper" (byte position 6410744): Warning: cell "VIA_via5_6_3100_3100_2_2_1600_1600" placed on top of itself.  Ignoring the extra one.
Error while reading cell "user_project_wrapper" (byte position 6411570): Warning: cell "VIA_via5_6_3100_3100_2_2_1600_1600" placed on top of itself.  Ignoring the extra one.
Error while reading cell "user_project_wrapper" (byte position 6411860): Warning: cell "VIA_via5_6_3100_3100_2_2_1600_1600" placed on top of itself.  Ignoring the extra one.
Error while reading cell "user_project_wrapper" (byte position 6412858): Warning: cell "VIA_via5_6_3100_3100_2_2_1600_1600" placed on top of itself.  Ignoring the extra one.
Error while reading cell "user_project_wrapper" (byte position 6413032): Warning: cell "VIA_via5_6_3100_3100_2_2_1600_1600" placed on top of itself.  Ignoring the extra one.
Error while reading cell "user_project_wrapper" (byte position 6413090): Warning: cell "VIA_via5_6_3100_3100_2_2_1600_1600" placed on top of itself.  Ignoring the extra one.
Error while reading cell "user_project_wrapper" (byte position 6413148): Warning: cell "VIA_via5_6_3100_3100_2_2_1600_1600" placed on top of itself.  Ignoring the extra one.
Error while reading cell "user_project_wrapper" (byte position 6413336): Warning: cell "VIA_via5_6_3100_3100_2_2_1600_1600" placed on top of itself.  Ignoring the extra one.
Error while reading cell "user_project_wrapper" (byte position 6416240): Warning: cell "VIA_via5_6_3100_3100_2_2_1600_1600" placed on top of itself.  Ignoring the extra one.
Error while reading cell "user_project_wrapper" (byte position 6418310): Warning: cell "VIA_via5_6_3100_3100_2_2_1600_1600" placed on top of itself.  Ignoring the extra one.
Error while reading cell "user_project_wrapper" (byte position 6418764): Warning: cell "VIA_via5_6_3100_3100_2_2_1600_1600" placed on top of itself.  Ignoring the extra one.
Error while reading cell "user_project_wrapper" (byte position 6421878): Warning: cell "VIA_via5_6_3100_3100_2_2_1600_1600" placed on top of itself.  Ignoring the extra one.
Error while reading cell "user_project_wrapper" (byte position 6423040): Warning: cell "VIA_via5_6_3100_3100_2_2_1600_1600" placed on top of itself.  Ignoring the extra one.
Error while reading cell "user_project_wrapper" (byte position 6423344): Warning: cell "VIA_via5_6_3100_3100_2_2_1600_1600" placed on top of itself.  Ignoring the extra one.
Error while reading cell "user_project_wrapper" (byte position 6424276): Warning: cell "VIA_via5_6_3100_3100_2_2_1600_1600" placed on top of itself.  Ignoring the extra one.
Error while reading cell "user_project_wrapper" (byte position 6424638): Warning: cell "VIA_via5_6_3100_3100_2_2_1600_1600" placed on top of itself.  Ignoring the extra one.
Error while reading cell "user_project_wrapper" (byte position 6424920): Warning: cell "VIA_via5_6_3100_3100_2_2_1600_1600" placed on top of itself.  Ignoring the extra one.
Error while reading cell "user_project_wrapper" (byte position 6425332): Warning: cell "VIA_via5_6_3100_3100_2_2_1600_1600" placed on top of itself.  Ignoring the extra one.
Error while reading cell "user_project_wrapper" (byte position 6425904): Warning: cell "VIA_via5_6_3100_3100_2_2_1600_1600" placed on top of itself.  Ignoring the extra one.
Error while reading cell "user_project_wrapper" (byte position 6426230): Warning: cell "VIA_via5_6_3100_3100_2_2_1600_1600" placed on top of itself.  Ignoring the extra one.
Error while reading cell "user_project_wrapper" (byte position 6426288): Warning: cell "VIA_via5_6_3100_3100_2_2_1600_1600" placed on top of itself.  Ignoring the extra one.
Error while reading cell "user_project_wrapper" (byte position 6426520): Warning: cell "VIA_via5_6_3100_3100_2_2_1600_1600" placed on top of itself.  Ignoring the extra one.
Error while reading cell "user_project_wrapper" (byte position 6426636): Warning: cell "VIA_via5_6_3100_3100_2_2_1600_1600" placed on top of itself.  Ignoring the extra one.
Error while reading cell "user_project_wrapper" (byte position 6427672): Warning: cell "VIA_via5_6_3100_3100_2_2_1600_1600" placed on top of itself.  Ignoring the extra one.
Error while reading cell "user_project_wrapper" (byte position 6427788): Warning: cell "VIA_via5_6_3100_3100_2_2_1600_1600" placed on top of itself.  Ignoring the extra one.
Error while reading cell "user_project_wrapper" (byte position 6427976): Warning: cell "VIA_via5_6_3100_3100_2_2_1600_1600" placed on top of itself.  Ignoring the extra one.
Error while reading cell "user_project_wrapper" (byte position 6428106): Warning: cell "VIA_via5_6_3100_3100_2_2_1600_1600" placed on top of itself.  Ignoring the extra one.
Error while reading cell "user_project_wrapper" (byte position 6428222): Warning: cell "VIA_via5_6_3100_3100_2_2_1600_1600" placed on top of itself.  Ignoring the extra one.
Error while reading cell "user_project_wrapper" (byte position 6429302): Warning: cell "VIA_via5_6_3100_3100_2_2_1600_1600" placed on top of itself.  Ignoring the extra one.
Error while reading cell "user_project_wrapper" (byte position 6429642): Warning: cell "VIA_via5_6_3100_3100_2_2_1600_1600" placed on top of itself.  Ignoring the extra one.
Error while reading cell "user_project_wrapper" (byte position 6429700): Warning: cell "VIA_via5_6_3100_3100_2_2_1600_1600" placed on top of itself.  Ignoring the extra one.
Error while reading cell "user_project_wrapper" (byte position 6429910): Warning: cell "VIA_via5_6_3100_3100_2_2_1600_1600" placed on top of itself.  Ignoring the extra one.
Error while reading cell "user_project_wrapper" (byte position 6434654): Warning: cell "VIA_via5_6_3100_3100_2_2_1600_1600" placed on top of itself.  Ignoring the extra one.
Error while reading cell "user_project_wrapper" (byte position 6435436): Warning: cell "VIA_via5_6_3100_3100_2_2_1600_1600" placed on top of itself.  Ignoring the extra one.
Error while reading cell "user_project_wrapper" (byte position 6435552): Warning: cell "VIA_via5_6_3100_3100_2_2_1600_1600" placed on top of itself.  Ignoring the extra one.
Error while reading cell "user_project_wrapper" (byte position 6435870): Warning: cell "VIA_via5_6_3100_3100_2_2_1600_1600" placed on top of itself.  Ignoring the extra one.
Error while reading cell "user_project_wrapper" (byte position 6436348): Warning: cell "VIA_via5_6_3100_3100_2_2_1600_1600" placed on top of itself.  Ignoring the extra one.
Error while reading cell "user_project_wrapper" (byte position 6437776): Warning: cell "VIA_via5_6_3100_3100_2_2_1600_1600" placed on top of itself.  Ignoring the extra one.
Error while reading cell "user_project_wrapper" (byte position 6438314): Warning: cell "VIA_via5_6_3100_3100_2_2_1600_1600" placed on top of itself.  Ignoring the extra one.
Error while reading cell "user_project_wrapper" (byte position 6438430): Warning: cell "VIA_via5_6_3100_3100_2_2_1600_1600" placed on top of itself.  Ignoring the extra one.
Error while reading cell "user_project_wrapper" (byte position 6438524): Warning: cell "VIA_via5_6_3100_3100_2_2_1600_1600" placed on top of itself.  Ignoring the extra one.
Error while reading cell "user_project_wrapper" (byte position 6438872): Warning: cell "VIA_via5_6_3100_3100_2_2_1600_1600" placed on top of itself.  Ignoring the extra one.
Error while reading cell "user_project_wrapper" (byte position 6439024): Warning: cell "VIA_via5_6_3100_3100_2_2_1600_1600" placed on top of itself.  Ignoring the extra one.
Error while reading cell "user_project_wrapper" (byte position 6439328): Warning: cell "VIA_via5_6_3100_3100_2_2_1600_1600" placed on top of itself.  Ignoring the extra one.
Error while reading cell "user_project_wrapper" (byte position 6439872): Warning: cell "VIA_via5_6_3100_3100_2_2_1600_1600" placed on top of itself.  Ignoring the extra one.
Error while reading cell "user_project_wrapper" (byte position 6440118): Warning: cell "VIA_via5_6_3100_3100_2_2_1600_1600" placed on top of itself.  Ignoring the extra one.
Error while reading cell "user_project_wrapper" (byte position 6440270): Warning: cell "VIA_via5_6_3100_3100_2_2_1600_1600" placed on top of itself.  Ignoring the extra one.
Error while reading cell "user_project_wrapper" (byte position 6440908): Warning: cell "VIA_via5_6_3100_3100_2_2_1600_1600" placed on top of itself.  Ignoring the extra one.
Error while reading cell "user_project_wrapper" (byte position 6441140): Warning: cell "VIA_via5_6_3100_3100_2_2_1600_1600" placed on top of itself.  Ignoring the extra one.
Error while reading cell "user_project_wrapper" (byte position 6441198): Warning: cell "VIA_via5_6_3100_3100_2_2_1600_1600" placed on top of itself.  Ignoring the extra one.
Error while reading cell "user_project_wrapper" (byte position 6441952): Warning: cell "VIA_via5_6_3100_3100_2_2_1600_1600" placed on top of itself.  Ignoring the extra one.
Error while reading cell "user_project_wrapper" (byte position 6442010): Warning: cell "VIA_via5_6_3100_3100_2_2_1600_1600" placed on top of itself.  Ignoring the extra one.
Error while reading cell "user_project_wrapper" (byte position 6442068): Warning: cell "VIA_via5_6_3100_3100_2_2_1600_1600" placed on top of itself.  Ignoring the extra one.
Error while reading cell "user_project_wrapper" (byte position 6442300): Warning: cell "VIA_via5_6_3100_3100_2_2_1600_1600" placed on top of itself.  Ignoring the extra one.
Error while reading cell "user_project_wrapper" (byte position 6442358): Warning: cell "VIA_via5_6_3100_3100_2_2_1600_1600" placed on top of itself.  Ignoring the extra one.
Error while reading cell "user_project_wrapper" (byte position 6443516): Warning: cell "VIA_via5_6_3100_3100_2_2_1600_1600" placed on top of itself.  Ignoring the extra one.
Error while reading cell "user_project_wrapper" (byte position 6445346): Warning: cell "VIA_via5_6_3100_3100_2_2_1600_1600" placed on top of itself.  Ignoring the extra one.
Error while reading cell "user_project_wrapper" (byte position 6459826): Warning: cell "VIA_via5_6_3100_3100_2_2_1600_1600" placed on top of itself.  Ignoring the extra one.
Error while reading cell "user_project_wrapper" (byte position 6460290): Warning: cell "VIA_via5_6_3100_3100_2_2_1600_1600" placed on top of itself.  Ignoring the extra one.
Error while reading cell "user_project_wrapper" (byte position 6460978): Warning: cell "VIA_via5_6_3100_3100_2_2_1600_1600" placed on top of itself.  Ignoring the extra one.
Error while reading cell "user_project_wrapper" (byte position 6461036): Warning: cell "VIA_via5_6_3100_3100_2_2_1600_1600" placed on top of itself.  Ignoring the extra one.
Error while reading cell "user_project_wrapper" (byte position 6461304): Warning: cell "VIA_via5_6_3100_3100_2_2_1600_1600" placed on top of itself.  Ignoring the extra one.
Error while reading cell "user_project_wrapper" (byte position 6462304): Warning: cell "VIA_via5_6_3100_3100_2_2_1600_1600" placed on top of itself.  Ignoring the extra one.
Error while reading cell "user_project_wrapper" (byte position 6462362): Warning: cell "VIA_via5_6_3100_3100_2_2_1600_1600" placed on top of itself.  Ignoring the extra one.
Error while reading cell "user_project_wrapper" (byte position 6462898): Warning: cell "VIA_via5_6_3100_3100_2_2_1600_1600" placed on top of itself.  Ignoring the extra one.
Error while reading cell "user_project_wrapper" (byte position 6463862): Warning: cell "VIA_via5_6_3100_3100_2_2_1600_1600" placed on top of itself.  Ignoring the extra one.
Error while reading cell "user_project_wrapper" (byte position 6465010): Warning: cell "VIA_via5_6_3100_3100_2_2_1600_1600" placed on top of itself.  Ignoring the extra one.
Error while reading cell "user_project_wrapper" (byte position 6466486): Warning: cell "VIA_via5_6_3100_3100_2_2_1600_1600" placed on top of itself.  Ignoring the extra one.
Error while reading cell "user_project_wrapper" (byte position 6466986): Warning: cell "VIA_via5_6_3100_3100_2_2_1600_1600" placed on top of itself.  Ignoring the extra one.
Error while reading cell "user_project_wrapper" (byte position 6467500): Warning: cell "VIA_via5_6_3100_3100_2_2_1600_1600" placed on top of itself.  Ignoring the extra one.
Error while reading cell "user_project_wrapper" (byte position 6467558): Warning: cell "VIA_via5_6_3100_3100_2_2_1600_1600" placed on top of itself.  Ignoring the extra one.
Error while reading cell "user_project_wrapper" (byte position 6467616): Warning: cell "VIA_via5_6_3100_3100_2_2_1600_1600" placed on top of itself.  Ignoring the extra one.
Error while reading cell "user_project_wrapper" (byte position 6502978): Warning: cell "VIA_via5_6_3100_3100_2_2_1600_1600" placed on top of itself.  Ignoring the extra one.
Error while reading cell "user_project_wrapper" (byte position 6503036): Warning: cell "VIA_via5_6_3100_3100_2_2_1600_1600" placed on top of itself.  Ignoring the extra one.
Error while reading cell "user_project_wrapper" (byte position 6503710): Warning: cell "VIA_via5_6_3100_3100_2_2_1600_1600" placed on top of itself.  Ignoring the extra one.

TIME: read GDS: 00:00:01 


TIME: create subcut: 00:00:00 

Abstracting sky130_fd_sc_hd__fill_1$1
instance count:0 port count:5
Abstracting sky130_fd_sc_hd__fill_2$1
instance count:0 port count:5
Abstracting sky130_fd_sc_hd__fill_4$1
instance count:0 port count:5
Abstracting sky130_fd_sc_hd__fill_8$1
instance count:0 port count:5
Abstracting sky130_fd_sc_hd__tapvpwrvgnd_1$1
instance count:0 port count:3

TIME: create abstract: 00:00:00 

Using technology "sky130A", version 1.0.493

Magic 8.3 revision 471 - Compiled on Wed Apr 22 16:23:58 UTC 2026.
Starting magic under Tcl interpreter
Using the terminal as the console.
Using NULL graphics device.
Processing system .magicrc file
Sourcing design magicrc.well for technology sky130A ...
2 Magic internal units = 1 Lambda
Loading tech file /tmp/tmpvjn2kage/repo/precheck_results/16_SEP_2026___21_38_25/tmp/sky130A.tech
Input style sky130(): scaleFactor=2, multiplier=2
The following types are not handled by extraction and will be treated as non-electrical types:
    ubm 
Scaled tech values by 2 / 1 to match internal grid scaling
Loading "/tmp/tmpvjn2kage/repo/precheck_results/16_SEP_2026___21_38_25/tmp/ext/extract.tcl" from command line.
Extracting with top ports unique (digital)
CIF input style is now "sky130()"
Flattening 

Extracting /tmp/tmpvjn2kage/repo/gds/user_project_wrapper.gds
Warning: Calma reading is not undoable!  I hope that's OK.
Library written using GDS-II Release 6.0
Library name: LIB
Reading "sky130_fd_sc_hd__or4bb_4$1".
Reading "sky130_fd_sc_hd__and4b_1$1".
Reading "sky130_fd_sc_hd__o21a_1$1".
Reading "sky130_fd_sc_hd__inv_2$1".
Reading "sky130_fd_sc_hd__nor4b_1$1".
Reading "sky130_fd_sc_hd__o31a_1$1".
Reading "sky130_fd_sc_hd__nor4b_2$1".
Reading "sky130_fd_sc_hd__nand2_4$1".
Reading "sky130_fd_sc_hd__or4_2$1".
Reading "sky130_fd_sc_hd__nor4b_4$1".
Reading "sky130_fd_sc_hd__nand2_8$1".
Reading "sky130_fd_sc_hd__and4bb_4$1".
Reading "sky130_fd_sc_hd__and4b_4$1".
Reading "sky130_fd_sc_hd__and2_2$1".
Reading "sky130_fd_sc_hd__and2_1$1".
Reading "sky130_fd_sc_hd__nand2_2$1".
Reading "sky130_fd_sc_hd__or3_1$1".
Reading "sky130_fd_sc_hd__buf_8$1".
Reading "sky130_fd_sc_hd__a21o_1$1".
Reading "sky130_fd_sc_hd__buf_6$1".
Reading "sky130_fd_sc_hd__or4_1$1".
Reading "sky130_fd_sc_hd__dfxtp_2$1".
Reading "sky130_fd_sc_hd__dfxtp_4$1".
Reading "sky130_fd_sc_hd__o221a_1$1".
Reading "sky130_fd_sc_hd__inv_8$1".
Reading "sky130_fd_sc_hd__clkinvlp_4$1".
Reading "sky130_fd_sc_hd__clkbuf_16$1".
Reading "sky130_fd_sc_hd__bufinv_16$1".
Reading "sky130_fd_sc_hd__a221o_1$1".
Reading "sky130_fd_sc_hd__dlygate4sd3_1$1".
Reading "sky130_fd_sc_hd__clkinv_4$1".
Reading "sky130_fd_sc_hd__a2111o_1$1".
Reading "sky130_fd_sc_hd__buf_4$1".
Reading "sky130_fd_sc_hd__clkinv_2$1".
Reading "sky130_fd_sc_hd__inv_6$1".
Reading "sky130_fd_sc_hd__a22o_1$1".
Reading "sky130_fd_sc_hd__diode_2$1".
Reading "sky130_fd_sc_hd__o211a_1$1".
Reading "sky130_fd_sc_hd__or2_1$1".
Reading "sky130_fd_sc_hd__inv_4$1".
Reading "sky130_fd_sc_hd__clkbuf_8$1".
Reading "sky130_fd_sc_hd__dfxtp_1$1".
Reading "sky130_fd_sc_hd__conb_1$1".
Reading "sky130_fd_sc_hd__buf_12$1".
Reading "sky130_fd_sc_hd__dlymetal6s2s_1$1".
Reading "sky130_fd_sc_hd__buf_1$1".
Reading "sky130_fd_sc_hd__clkbuf_2$1".
Reading "sky130_fd_sc_hd__buf_2$1".
Reading "sky130_fd_sc_hd__fill_2$1".
Reading "sky130_fd_sc_hd__fill_4$1".
Reading "sky130_fd_sc_hd__clkbuf_4$1".
Reading "sky130_fd_sc_hd__tapvpwrvgnd_1$1".
Reading "sky130_fd_sc_hd__fill_8$1".
Reading "sky130_fd_sc_hd__fill_1$1".
Reading "sky130_fd_sc_hd__decap_3$1".
Reading "sky130_ef_sc_hd__decap_40_12$1".
Reading "CF_ADC_SAR12_sar_refs_core".
CIF file read warning: CIF style sky130(): units rescaled by factor of 5 / 1
Error while reading cell "CF_ADC_SAR12_sar_refs_core" (byte position 382664): Unknown layer/datatype in boundary, layer=67 type=10
Error while reading cell "CF_ADC_SAR12_sar_refs_core" (byte position 382728): Unknown layer/datatype in boundary, layer=68 type=10
Error while reading cell "CF_ADC_SAR12_sar_refs_core" (byte position 384136): Unknown layer/datatype in boundary, layer=69 type=10
Error while reading cell "CF_ADC_SAR12_sar_refs_core" (byte position 406536): Unknown layer/datatype in boundary, layer=70 type=10
Error while reading cell "CF_ADC_SAR12_sar_refs_core" (byte position 417672): Unknown layer/datatype in boundary, layer=71 type=10
Reading "CF_REFBUF_core".
Error while reading cell "CF_REFBUF_core" (byte position 421366): Unknown layer/datatype in boundary, layer=68 type=10
Error while reading cell "CF_REFBUF_core" (byte position 422710): Unknown layer/datatype in boundary, layer=69 type=10
Reading "CF_BGR_core".
Error while reading cell "CF_BGR_core" (byte position 444248): Unknown layer/datatype in boundary, layer=67 type=10
Error while reading cell "CF_BGR_core" (byte position 444312): Unknown layer/datatype in boundary, layer=68 type=10
Error while reading cell "CF_BGR_core" (byte position 445144): Unknown layer/datatype in boundary, layer=69 type=10
Reading "CF_ADC_SAR12_core".
Error while reading cell "CF_ADC_SAR12_core" (byte position 470350): Unknown layer/datatype in boundary, layer=67 type=10
Error while reading cell "CF_ADC_SAR12_core" (byte position 470414): Unknown layer/datatype in boundary, layer=68 type=10
Error while reading cell "CF_ADC_SAR12_core" (byte position 474446): Unknown layer/datatype in boundary, layer=69 type=10
Error while reading cell "CF_ADC_SAR12_core" (byte position 485390): Unknown layer/datatype in boundary, layer=70 type=10
Error while reading cell "CF_ADC_SAR12_core" (byte position 495630): Unknown layer/datatype in boundary, layer=71 type=10
Reading "CF_BUF_HIZ_core".
Reading "VIA_M1M2_PR_MR".
Saving contents of cell VIA_M1M2_PR_MR
Reading "VIA_M3M4_PR_MR".
Saving contents of cell VIA_M3M4_PR_MR
Reading "VIA_M4M5_PR".
Saving contents of cell VIA_M4M5_PR
Reading "VIA_M2M3_PR_MR".
Saving contents of cell VIA_M2M3_PR_MR
Reading "VIA_M3M4_PR_M".
Saving contents of cell VIA_M3M4_PR_M
Reading "VIA_M3M4_PR".
Saving contents of cell VIA_M3M4_PR
Reading "VIA_M2M3_PR".
Saving contents of cell VIA_M2M3_PR
Reading "VIA_M1M2_PR".
Saving contents of cell VIA_M1M2_PR
Reading "VIA_M2M3_PR_M".
Saving contents of cell VIA_M2M3_PR_M
Reading "VIA_via5_6_3100_3100_2_2_1600_1600".
Saving contents of cell VIA_via5_6_3100_3100_2_2_1600_1600
Reading "VIA_via5_6_1600_3100_2_1_1600_1600".
Saving contents of cell VIA_via5_6_1600_3100_2_1_1600_1600
Reading "CF_REFBUF".
Error while reading cell "CF_REFBUF" (byte position 551710): Unknown layer/datatype in boundary, layer=67 type=10
Error while reading cell "CF_REFBUF" (byte position 551774): Unknown layer/datatype in boundary, layer=68 type=10
Error while reading cell "CF_REFBUF" (byte position 553886): Unknown layer/datatype in boundary, layer=69 type=10
Reading "CF_BUF_HIZ".
Error while reading cell "CF_BUF_HIZ" (byte position 617564): Unknown layer/datatype in boundary, layer=67 type=10
Error while reading cell "CF_BUF_HIZ" (byte position 617628): Unknown layer/datatype in boundary, layer=68 type=10
Error while reading cell "CF_BUF_HIZ" (byte position 618012): Unknown layer/datatype in boundary, layer=69 type=10
Reading "CF_BGR".
Error while reading cell "CF_BGR" (byte position 724428): Unknown layer/datatype in boundary, layer=67 type=10
Error while reading cell "CF_BGR" (byte position 724492): Unknown layer/datatype in boundary, layer=68 type=10
Error while reading cell "CF_BGR" (byte position 725580): Unknown layer/datatype in boundary, layer=69 type=10
Reading "CF_ADC_SAR12_sar_refs".
Error while reading cell "CF_ADC_SAR12_sar_refs" (byte position 863282): Unknown layer/datatype in boundary, layer=67 type=10
Error while reading cell "CF_ADC_SAR12_sar_refs" (byte position 863346): Unknown layer/datatype in boundary, layer=68 type=10
Error while reading cell "CF_ADC_SAR12_sar_refs" (byte position 863986): Unknown layer/datatype in boundary, layer=69 type=10
Reading "CF_ADC_SAR12".
Error while reading cell "CF_ADC_SAR12" (byte position 1011020): Unknown layer/datatype in boundary, layer=67 type=10
Error while reading cell "CF_ADC_SAR12" (byte position 1011084): Unknown layer/datatype in boundary, layer=68 type=10
Error while reading cell "CF_ADC_SAR12" (byte position 1015372): Unknown layer/datatype in boundary, layer=69 type=10
Reading "afe_wb".
    5000 uses
    10000 uses
    15000 uses
Reading "user_project_wrapper".

TIME: read GDS: 00:00:02 


TIME: add subcut: 00:00:00 

Abstracting sky130_fd_sc_hd__fill_1$1
Abstracting sky130_fd_sc_hd__fill_2$1
Abstracting sky130_fd_sc_hd__fill_4$1
Abstracting sky130_fd_sc_hd__fill_8$1
Abstracting sky130_fd_sc_hd__tapvpwrvgnd_1$1

TIME: set abstract: 00:00:00 

Processing sky130_fd_sc_hd__decap_3$1
Processing sky130_ef_sc_hd__decap_40_12$1
Processing sky130_fd_sc_hd__clkbuf_2$1
Processing sky130_fd_sc_hd__buf_12$1
Processing sky130_fd_sc_hd__dlymetal6s2s_1$1
Processing sky130_fd_sc_hd__buf_1$1
Processing sky130_fd_sc_hd__conb_1$1
Processing sky130_fd_sc_hd__inv_6$1
Processing sky130_fd_sc_hd__dfxtp_1$1
Processing sky130_fd_sc_hd__o211a_1$1
Processing sky130_fd_sc_hd__clkbuf_8$1
Processing sky130_fd_sc_hd__a22o_1$1
Processing sky130_fd_sc_hd__diode_2$1
Processing sky130_fd_sc_hd__clkbuf_4$1
Processing sky130_fd_sc_hd__or2_1$1
Processing sky130_fd_sc_hd__inv_4$1
Processing sky130_fd_sc_hd__clkinv_4$1
Processing sky130_fd_sc_hd__dlygate4sd3_1$1
Processing sky130_fd_sc_hd__a2111o_1$1
Processing sky130_fd_sc_hd__buf_4$1
Processing sky130_fd_sc_hd__clkinv_2$1
Processing sky130_fd_sc_hd__a221o_1$1
Processing sky130_fd_sc_hd__buf_2$1
Processing sky130_fd_sc_hd__dfxtp_2$1
Processing sky130_fd_sc_hd__o221a_1$1
Processing sky130_fd_sc_hd__inv_8$1
Processing sky130_fd_sc_hd__clkbuf_16$1
Processing sky130_fd_sc_hd__bufinv_16$1
Processing sky130_fd_sc_hd__clkinvlp_4$1
Processing sky130_fd_sc_hd__dfxtp_4$1
Processing sky130_fd_sc_hd__or4_1$1
Processing sky130_fd_sc_hd__buf_6$1
Processing sky130_fd_sc_hd__a21o_1$1
Processing sky130_fd_sc_hd__buf_8$1
Processing sky130_fd_sc_hd__and2_2$1
Processing sky130_fd_sc_hd__and2_1$1
Processing sky130_fd_sc_hd__nand2_2$1
Processing sky130_fd_sc_hd__and4b_4$1
Processing sky130_fd_sc_hd__nand2_4$1
Processing sky130_fd_sc_hd__and4bb_4$1
Processing sky130_fd_sc_hd__or4bb_4$1
Processing sky130_fd_sc_hd__inv_2$1
Processing sky130_fd_sc_hd__o21a_1$1
Processing sky130_fd_sc_hd__o31a_1$1
Processing sky130_fd_sc_hd__nor4b_2$1
Processing sky130_fd_sc_hd__nor4b_4$1
Processing sky130_fd_sc_hd__and4b_1$1
Processing sky130_fd_sc_hd__or3_1$1
Processing sky130_fd_sc_hd__nand2_8$1
Processing sky130_fd_sc_hd__nor4b_1$1
Processing sky130_fd_sc_hd__or4_2$1
Processing afe_wb
Processing CF_BGR_core
Processing CF_BGR
Processing CF_REFBUF_core
Processing CF_REFBUF
Processing CF_BUF_HIZ_core
Processing CF_BUF_HIZ
Processing CF_ADC_SAR12_core
Processing CF_ADC_SAR12
Processing CF_ADC_SAR12_sar_refs_core
Processing CF_ADC_SAR12_sar_refs
Processing user_project_wrapper
The following types are not handled by extraction and will be treated as non-electrical types:
    ubm 
Extraction style is now "ngspice()"
Extracting sky130_fd_sc_hd__fill_4$1 into sky130_fd_sc_hd__fill_4$1.ext:
Extracting sky130_fd_sc_hd__decap_3$1 into sky130_fd_sc_hd__decap_3$1.ext:
sky130_fd_sc_hd__decap_3$1: 2 warnings
Extracting sky130_fd_sc_hd__fill_2$1 into sky130_fd_sc_hd__fill_2$1.ext:
Extracting sky130_fd_sc_hd__tapvpwrvgnd_1$1 into sky130_fd_sc_hd__tapvpwrvgnd_1$1.ext:
Extracting sky130_fd_sc_hd__fill_1$1 into sky130_fd_sc_hd__fill_1$1.ext:
Extracting sky130_ef_sc_hd__decap_40_12$1 into sky130_ef_sc_hd__decap_40_12$1.ext:
sky130_ef_sc_hd__decap_40_12$1: 2 warnings
Extracting sky130_fd_sc_hd__clkbuf_2$1 into sky130_fd_sc_hd__clkbuf_2$1.ext:
Extracting sky130_fd_sc_hd__buf_12$1 into sky130_fd_sc_hd__buf_12$1.ext:
Extracting sky130_fd_sc_hd__dlymetal6s2s_1$1 into sky130_fd_sc_hd__dlymetal6s2s_1$1.ext:
Extracting sky130_fd_sc_hd__buf_1$1 into sky130_fd_sc_hd__buf_1$1.ext:
Extracting sky130_fd_sc_hd__conb_1$1 into sky130_fd_sc_hd__conb_1$1.ext:
Extracting sky130_fd_sc_hd__fill_8$1 into sky130_fd_sc_hd__fill_8$1.ext:
Extracting sky130_fd_sc_hd__inv_6$1 into sky130_fd_sc_hd__inv_6$1.ext:
Extracting sky130_fd_sc_hd__dfxtp_1$1 into sky130_fd_sc_hd__dfxtp_1$1.ext:
Extracting sky130_fd_sc_hd__o211a_1$1 into sky130_fd_sc_hd__o211a_1$1.ext:
Extracting sky130_fd_sc_hd__clkbuf_8$1 into sky130_fd_sc_hd__clkbuf_8$1.ext:
Extracting sky130_fd_sc_hd__a22o_1$1 into sky130_fd_sc_hd__a22o_1$1.ext:
Extracting sky130_fd_sc_hd__diode_2$1 into sky130_fd_sc_hd__diode_2$1.ext:
sky130_fd_sc_hd__diode_2$1: 1 warning
Extracting sky130_fd_sc_hd__clkbuf_4$1 into sky130_fd_sc_hd__clkbuf_4$1.ext:
Extracting sky130_fd_sc_hd__or2_1$1 into sky130_fd_sc_hd__or2_1$1.ext:
Extracting sky130_fd_sc_hd__inv_4$1 into sky130_fd_sc_hd__inv_4$1.ext:
Extracting sky130_fd_sc_hd__clkinv_4$1 into sky130_fd_sc_hd__clkinv_4$1.ext:
Extracting sky130_fd_sc_hd__dlygate4sd3_1$1 into sky130_fd_sc_hd__dlygate4sd3_1$1.ext:
Extracting sky130_fd_sc_hd__a2111o_1$1 into sky130_fd_sc_hd__a2111o_1$1.ext:
Extracting sky130_fd_sc_hd__buf_4$1 into sky130_fd_sc_hd__buf_4$1.ext:
Extracting sky130_fd_sc_hd__clkinv_2$1 into sky130_fd_sc_hd__clkinv_2$1.ext:
Extracting sky130_fd_sc_hd__a221o_1$1 into sky130_fd_sc_hd__a221o_1$1.ext:
Extracting sky130_fd_sc_hd__buf_2$1 into sky130_fd_sc_hd__buf_2$1.ext:
Extracting sky130_fd_sc_hd__dfxtp_2$1 into sky130_fd_sc_hd__dfxtp_2$1.ext:
Extracting sky130_fd_sc_hd__o221a_1$1 into sky130_fd_sc_hd__o221a_1$1.ext:
Extracting sky130_fd_sc_hd__inv_8$1 into sky130_fd_sc_hd__inv_8$1.ext:
Extracting sky130_fd_sc_hd__clkbuf_16$1 into sky130_fd_sc_hd__clkbuf_16$1.ext:
Extracting sky130_fd_sc_hd__bufinv_16$1 into sky130_fd_sc_hd__bufinv_16$1.ext:
Extracting sky130_fd_sc_hd__clkinvlp_4$1 into sky130_fd_sc_hd__clkinvlp_4$1.ext:
Extracting sky130_fd_sc_hd__dfxtp_4$1 into sky130_fd_sc_hd__dfxtp_4$1.ext:
Extracting sky130_fd_sc_hd__or4_1$1 into sky130_fd_sc_hd__or4_1$1.ext:
Extracting sky130_fd_sc_hd__buf_6$1 into sky130_fd_sc_hd__buf_6$1.ext:
Extracting sky130_fd_sc_hd__a21o_1$1 into sky130_fd_sc_hd__a21o_1$1.ext:
Extracting sky130_fd_sc_hd__buf_8$1 into sky130_fd_sc_hd__buf_8$1.ext:
Extracting sky130_fd_sc_hd__and2_2$1 into sky130_fd_sc_hd__and2_2$1.ext:
Extracting sky130_fd_sc_hd__and2_1$1 into sky130_fd_sc_hd__and2_1$1.ext:
Extracting sky130_fd_sc_hd__nand2_2$1 into sky130_fd_sc_hd__nand2_2$1.ext:
Extracting sky130_fd_sc_hd__and4b_4$1 into sky130_fd_sc_hd__and4b_4$1.ext:
Extracting sky130_fd_sc_hd__nand2_4$1 into sky130_fd_sc_hd__nand2_4$1.ext:
Extracting sky130_fd_sc_hd__and4bb_4$1 into sky130_fd_sc_hd__and4bb_4$1.ext:
Extracting sky130_fd_sc_hd__or4bb_4$1 into sky130_fd_sc_hd__or4bb_4$1.ext:
Extracting sky130_fd_sc_hd__inv_2$1 into sky130_fd_sc_hd__inv_2$1.ext:
Extracting sky130_fd_sc_hd__o21a_1$1 into sky130_fd_sc_hd__o21a_1$1.ext:
Extracting sky130_fd_sc_hd__o31a_1$1 into sky130_fd_sc_hd__o31a_1$1.ext:
Extracting sky130_fd_sc_hd__nor4b_2$1 into sky130_fd_sc_hd__nor4b_2$1.ext:
Extracting sky130_fd_sc_hd__nor4b_4$1 into sky130_fd_sc_hd__nor4b_4$1.ext:
Extracting sky130_fd_sc_hd__and4b_1$1 into sky130_fd_sc_hd__and4b_1$1.ext:
Extracting sky130_fd_sc_hd__or3_1$1 into sky130_fd_sc_hd__or3_1$1.ext:
Extracting sky130_fd_sc_hd__nand2_8$1 into sky130_fd_sc_hd__nand2_8$1.ext:
Extracting sky130_fd_sc_hd__nor4b_1$1 into sky130_fd_sc_hd__nor4b_1$1.ext:
Extracting sky130_fd_sc_hd__or4_2$1 into sky130_fd_sc_hd__or4_2$1.ext:
Extracting afe_wb into afe_wb.ext:
Extracting CF_BGR_core into CF_BGR_core.ext:
Extracting CF_BGR into CF_BGR.ext:
Extracting CF_REFBUF_core into CF_REFBUF_core.ext:
Extracting CF_REFBUF into CF_REFBUF.ext:
Extracting CF_BUF_HIZ_core into CF_BUF_HIZ_core.ext:
Warning:  Ports "vbpb" and "vbpc" are electrically shorted.
Warning:  Ports "vbpb" and "vbnc" are electrically shorted.
Warning:  Ports "vbpb" and "vbptd" are electrically shorted.
Warning:  Ports "vbpb" and "vbpcid" are electrically shorted.
Warning:  Ports "vbpb" and "vbnci" are electrically shorted.
Warning:  Ports "vbpb" and "ibias" are electrically shorted.
Warning:  Ports "vbpb" and "vbnt" are electrically shorted.
Warning:  Ports "vbpb" and "vbpci" are electrically shorted.
Warning:  Ports "vbpb" and "vout" are electrically shorted.
Warning:  Ports "vbpb" and "vbncis" are electrically shorted.
Warning:  Ports "vbpb" and "vbpcis" are electrically shorted.
Warning:  Ports "vbpb" and "vbpt" are electrically shorted.
Warning:  Ports "e_n_boost" and "e_na_boost" are electrically shorted.
Warning:  Ports "e_n_boost" and "vinp_p" are electrically shorted.
Warning:  Ports "e_n_boost" and "vinn_p" are electrically shorted.
Warning:  Ports "e_n_boost" and "vinn_na" are electrically shorted.
Warning:  Ports "e_n_boost" and "vinp_na" are electrically shorted.
Warning:  Ports "e_n_boost" and "vinn_n" are electrically shorted.
Warning:  Ports "e_n_boost" and "vinp_n" are electrically shorted.
Warning:  Ports "e_n_boost" and "en_pd" are electrically shorted.
Warning:  Ports "e_n_boost" and "e_pd" are electrically shorted.
Warning:  Ports "e_n_boost" and "iop" are electrically shorted.
Warning:  Ports "e_n_boost" and "ion" are electrically shorted.
Warning:  Ports "e_n_boost" and "vpwr_a" are electrically shorted.
Warning:  Ports "e_n_boost" and "clk1_boostr" are electrically shorted.
Warning:  Ports "e_n_boost" and "clk2_boost" are electrically shorted.
Warning:  Ports "e_n_boost" and "vgnd_a" are electrically shorted.
Warning:  Ports "e_n_boost" and "vnb" are electrically shorted.
Warning:  Ports "e_n_boost" and "vpb_a" are electrically shorted.
Warning:  Ports "e_n_boost" and "tp" are electrically shorted.
Extracting CF_BUF_HIZ into CF_BUF_HIZ.ext:
Extracting CF_ADC_SAR12_core into CF_ADC_SAR12_core.ext:
Extracting CF_ADC_SAR12 into CF_ADC_SAR12.ext:
Extracting CF_ADC_SAR12_sar_refs_core into CF_ADC_SAR12_sar_refs_core.ext:
Extracting CF_ADC_SAR12_sar_refs into CF_ADC_SAR12_sar_refs.ext:
Extracting user_project_wrapper into user_project_wrapper.ext:
Total of 5 warnings.

TIME: extract: 00:00:19 

Devs merged: 0
Devs merged: 0
Devs merged: 0
Devs merged: 0
Devs merged: 0
Devs merged: 0
Devs merged: 0
Devs merged: 0
Devs merged: 6
Devs merged: 8
Devs merged: 10
Devs merged: 16
Devs merged: 32
Devs merged: 32
Devs merged: 60
Devs merged: 66
Devs merged: 66
Devs merged: 66
Devs merged: 94
Devs merged: 94
Devs merged: 94
Devs merged: 96
Devs merged: 100
Devs merged: 106
Devs merged: 106
Devs merged: 112
Devs merged: 126
Devs merged: 129
Devs merged: 129
Devs merged: 132
Devs merged: 138
Devs merged: 150
Devs merged: 152
Devs merged: 154
Devs merged: 198
Devs merged: 206
Devs merged: 224
Devs merged: 224
Devs merged: 224
Devs merged: 230
Devs merged: 240
Devs merged: 240
Devs merged: 276
Devs merged: 300
Devs merged: 300
Devs merged: 308
Devs merged: 308
Devs merged: 308
Devs merged: 320
Devs merged: 320
Devs merged: 322
Devs merged: 322
Devs merged: 322
Devs merged: 322
Devs merged: 322
exttospice finished.

TIME: netlist: 00:00:01 

Using technology "sky130A", version 1.0.493
Creating layout hierarchy in /tmp/tmpvjn2kage/repo/precheck_results/16_SEP_2026___21_38_25/tmp/ext/user_project_wrapper.hier...

Warning: unknown layers. See /tmp/tmpvjn2kage/repo/precheck_results/16_SEP_2026___21_38_25/logs/ext.log
layer=67 type=10
layer=68 type=10
layer=69 type=10
layer=70 type=10
layer=71 type=10

Warning: extraction completed with warnings
 
Netgen 1.5.272 compiled on Wed Apr 22 16:24:02 UTC 2026
Warning: netgen command 'format' use fully-qualified name '::netgen::format'
Warning: netgen command 'global' use fully-qualified name '::netgen::global'
Reading layout /tmp/tmpvjn2kage/repo/precheck_results/16_SEP_2026___21_38_25/tmp/ext/user_project_wrapper.gds.spice...
Call to undefined subcircuit sky130_fd_pr__pfet_01v8_hvt
Creating placeholder cell definition.
Call to undefined subcircuit sky130_fd_pr__nfet_01v8
Creating placeholder cell definition.
Call to undefined subcircuit sky130_fd_pr__special_nfet_01v8
Creating placeholder cell definition.
Call to undefined subcircuit sky130_fd_pr__diode_pw2nd_05v5
Creating placeholder cell definition.
Call to undefined subcircuit sky130_fd_pr__res_generic_po
Creating placeholder cell definition.
Reading source /opt/pdks/sky130A/libs.ref/sky130_fd_sc_hd/spice/sky130_ef_sc_hd__decap_12.spice...
Call to undefined subcircuit sky130_fd_pr__pfet_01v8_hvt
Creating placeholder cell definition.
Call to undefined subcircuit sky130_fd_pr__nfet_01v8
Creating placeholder cell definition.
Reading source /opt/pdks/sky130A/libs.ref/sky130_fd_sc_hd/spice/sky130_ef_sc_hd__decap_20_12.spice...
Reading source /opt/pdks/sky130A/libs.ref/sky130_fd_sc_hd/spice/sky130_ef_sc_hd__decap_40_12.spice...
Reading source /opt/pdks/sky130A/libs.ref/sky130_fd_sc_hd/spice/sky130_ef_sc_hd__decap_60_12.spice...
Reading source /opt/pdks/sky130A/libs.ref/sky130_fd_sc_hd/spice/sky130_ef_sc_hd__decap_80_12.spice...
Reading source /opt/pdks/sky130A/libs.ref/sky130_fd_sc_hd/spice/sky130_fd_sc_hd.spice...
Call to undefined subcircuit sky130_fd_pr__res_generic_po
Creating placeholder cell definition.
Call to undefined subcircuit sky130_fd_pr__special_nfet_01v8
Creating placeholder cell definition.
Call to undefined subcircuit sky130_fd_pr__diode_pw2nd_05v5
Creating placeholder cell definition.
Call to undefined subcircuit sky130_fd_pr__special_pfet_01v8_hvt
Creating placeholder cell definition.
Call to undefined subcircuit sky130_fd_sc_hd__nand2_2
Creating placeholder cell definition.
Call to undefined subcircuit sky130_fd_sc_hd__nor2_2
Creating placeholder cell definition.
Reading source /tmp/tmpvjn2kage/repo/verilog/gl/afe_wb.v...
Warning:  A case-insensitive file has been read and so the	verilog file must be treated case-insensitive to match.
Note:  Implicit pin HI in instance afe_wb_281 of sky130_fd_sc_hd__conb_1 in cell afe_wb
Note:  Implicit pin HI in instance afe_wb_282 of sky130_fd_sc_hd__conb_1 in cell afe_wb
Note:  Implicit pin HI in instance afe_wb_283 of sky130_fd_sc_hd__conb_1 in cell afe_wb
Note:  Implicit pin HI in instance afe_wb_284 of sky130_fd_sc_hd__conb_1 in cell afe_wb
Note:  Implicit pin HI in instance afe_wb_285 of sky130_fd_sc_hd__conb_1 in cell afe_wb
Note:  Implicit pin HI in instance afe_wb_286 of sky130_fd_sc_hd__conb_1 in cell afe_wb
Note:  Implicit pin HI in instance afe_wb_280 of sky130_fd_sc_hd__conb_1 in cell afe_wb
Note:  Implicit pin Y in instance clkload0 of sky130_fd_sc_hd__inv_8 in cell afe_wb
Note:  Implicit pin Y in instance clkload1 of sky130_fd_sc_hd__clkinvlp_4 in cell afe_wb
Note:  Implicit pin X in instance clkload2 of sky130_fd_sc_hd__clkbuf_4 in cell afe_wb
Note:  Implicit pin Y in instance clkload3 of sky130_fd_sc_hd__clkinv_2 in cell afe_wb
Note:  Implicit pin Y in instance clkload4 of sky130_fd_sc_hd__clkinv_4 in cell afe_wb
Note:  Implicit pin Y in instance clkload5 of sky130_fd_sc_hd__clkinv_4 in cell afe_wb
Note:  Implicit pin X in instance clkload6 of sky130_fd_sc_hd__clkbuf_8 in cell afe_wb
Note:  Implicit pin Y in instance clkload7 of sky130_fd_sc_hd__clkinv_2 in cell afe_wb
Note:  Implicit pin Y in instance clkload8 of sky130_fd_sc_hd__clkinv_2 in cell afe_wb
Note:  Implicit pin X in instance clkload9 of sky130_fd_sc_hd__clkbuf_4 in cell afe_wb
Note:  Implicit pin Y in instance clkload10 of sky130_fd_sc_hd__bufinv_16 in cell afe_wb
Note:  Implicit pin Y in instance clkload11 of sky130_fd_sc_hd__bufinv_16 in cell afe_wb
Note:  Implicit pin Y in instance clkload12 of sky130_fd_sc_hd__clkinv_2 in cell afe_wb
Note:  Implicit pin Y in instance clkload13 of sky130_fd_sc_hd__inv_4 in cell afe_wb
Note:  Implicit pin X in instance clkload14 of sky130_fd_sc_hd__clkbuf_4 in cell afe_wb
Note:  Implicit pin Y in instance clkload15 of sky130_fd_sc_hd__inv_6 in cell afe_wb
Note:  Implicit pin Y in instance clkload16 of sky130_fd_sc_hd__inv_4 in cell afe_wb
Note:  Implicit pin Y in instance clkload17 of sky130_fd_sc_hd__inv_6 in cell afe_wb
Note:  Implicit pin Y in instance clkload18 of sky130_fd_sc_hd__clkinvlp_4 in cell afe_wb
Note:  Implicit pin X in instance clkload19 of sky130_fd_sc_hd__clkbuf_8 in cell afe_wb
Note:  Implicit pin X in instance clkload20 of sky130_fd_sc_hd__clkbuf_4 in cell afe_wb
Note:  Implicit pin Y in instance clkload21 of sky130_fd_sc_hd__clkinv_2 in cell afe_wb
Note:  Implicit pin Y in instance clkload22 of sky130_fd_sc_hd__clkinvlp_4 in cell afe_wb
Note:  Implicit pin Y in instance clkload23 of sky130_fd_sc_hd__clkinv_4 in cell afe_wb
Note:  Implicit pin Y in instance clkload24 of sky130_fd_sc_hd__clkinv_4 in cell afe_wb
Note:  Implicit pin Y in instance clkload25 of sky130_fd_sc_hd__bufinv_16 in cell afe_wb
Note:  Implicit pin X in instance clkload26 of sky130_fd_sc_hd__clkbuf_8 in cell afe_wb
Note:  Implicit pin Y in instance clkload27 of sky130_fd_sc_hd__clkinv_2 in cell afe_wb
Note:  Implicit pin Y in instance clkload28 of sky130_fd_sc_hd__clkinv_4 in cell afe_wb
Note:  Implicit pin X in instance clkload29 of sky130_fd_sc_hd__clkbuf_8 in cell afe_wb
Note:  Implicit pin Y in instance clkload30 of sky130_fd_sc_hd__clkinvlp_4 in cell afe_wb
Note:  Implicit pin Y in instance clkload31 of sky130_fd_sc_hd__clkinv_2 in cell afe_wb
Note:  Implicit pin Y in instance clkload32 of sky130_fd_sc_hd__clkinv_4 in cell afe_wb
Note:  Implicit pin Y in instance clkload33 of sky130_fd_sc_hd__clkinv_4 in cell afe_wb
Note:  Implicit pin X in instance clkload34 of sky130_fd_sc_hd__clkbuf_4 in cell afe_wb
Note:  Implicit pin Y in instance clkload35 of sky130_fd_sc_hd__clkinv_2 in cell afe_wb
Note:  Implicit pin Y in instance clkload36 of sky130_fd_sc_hd__clkinv_2 in cell afe_wb
Note:  Implicit pin X in instance clkload37 of sky130_fd_sc_hd__clkbuf_4 in cell afe_wb
Note:  Implicit pin Y in instance clkload38 of sky130_fd_sc_hd__inv_4 in cell afe_wb
Note:  Implicit pin Y in instance clkload39 of sky130_fd_sc_hd__inv_4 in cell afe_wb
Note:  Implicit pin Y in instance clkload40 of sky130_fd_sc_hd__clkinv_2 in cell afe_wb
Note:  Implicit pin Y in instance clkload41 of sky130_fd_sc_hd__clkinvlp_4 in cell afe_wb
Reading source /tmp/tmpvjn2kage/repo/verilog/gl/user_project_wrapper.v...
Warning:  A case-insensitive file has been read and so the	verilog file must be treated case-insensitive to match.
Creating placeholder cell definition for module CF_ADC_SAR12.
Creating placeholder cell definition for module CF_ADC_SAR12_sar_refs.
Creating placeholder cell definition for module CF_BGR.
Creating placeholder cell definition for module CF_BUF_HIZ.
Creating placeholder cell definition for module CF_REFBUF.
Treating empty subcircuits as black-box cells
Generating JSON file result

Reading setup file /tmp/tmpvjn2kage/repo/precheck_results/16_SEP_2026___21_38_25/tmp/sky130A_setup.tcl

No property w found for device r
No property l found for device r
Model sky130_fd_pr__res_generic_po pin 1 == 2
No property value found for device sky130_fd_pr__res_generic_po
No property mult found for device sky130_fd_pr__res_generic_po
Model sky130_fd_pr__res_generic_po pin 1 == 2
No property value found for device sky130_fd_pr__res_generic_po
No property mult found for device sky130_fd_pr__res_generic_po
Model sky130_fd_pr__nfet_01v8 pin 1 == 3
No property mult found for device sky130_fd_pr__nfet_01v8
No property sa found for device sky130_fd_pr__nfet_01v8
No property sb found for device sky130_fd_pr__nfet_01v8
No property sd found for device sky130_fd_pr__nfet_01v8
No property nf found for device sky130_fd_pr__nfet_01v8
No property nrd found for device sky130_fd_pr__nfet_01v8
No property nrs found for device sky130_fd_pr__nfet_01v8
No property area found for device sky130_fd_pr__nfet_01v8
No property perim found for device sky130_fd_pr__nfet_01v8
No property topography found for device sky130_fd_pr__nfet_01v8
Model sky130_fd_pr__nfet_01v8 pin 1 == 3
No property mult found for device sky130_fd_pr__nfet_01v8
No property sa found for device sky130_fd_pr__nfet_01v8
No property sb found for device sky130_fd_pr__nfet_01v8
No property sd found for device sky130_fd_pr__nfet_01v8
No property nf found for device sky130_fd_pr__nfet_01v8
No property nrd found for device sky130_fd_pr__nfet_01v8
No property nrs found for device sky130_fd_pr__nfet_01v8
No property area found for device sky130_fd_pr__nfet_01v8
No property perim found for device sky130_fd_pr__nfet_01v8
No property topography found for device sky130_fd_pr__nfet_01v8
Model sky130_fd_pr__pfet_01v8_hvt pin 1 == 3
No property mult found for device sky130_fd_pr__pfet_01v8_hvt
No property sa found for device sky130_fd_pr__pfet_01v8_hvt
No property sb found for device sky130_fd_pr__pfet_01v8_hvt
No property sd found for device sky130_fd_pr__pfet_01v8_hvt
No property nf found for device sky130_fd_pr__pfet_01v8_hvt
No property nrd found for device sky130_fd_pr__pfet_01v8_hvt
No property nrs found for device sky130_fd_pr__pfet_01v8_hvt
No property area found for device sky130_fd_pr__pfet_01v8_hvt
No property perim found for device sky130_fd_pr__pfet_01v8_hvt
No property topography found for device sky130_fd_pr__pfet_01v8_hvt
Model sky130_fd_pr__pfet_01v8_hvt pin 1 == 3
No property mult found for device sky130_fd_pr__pfet_01v8_hvt
No property sa found for device sky130_fd_pr__pfet_01v8_hvt
No property sb found for device sky130_fd_pr__pfet_01v8_hvt
No property sd found for device sky130_fd_pr__pfet_01v8_hvt
No property nf found for device sky130_fd_pr__pfet_01v8_hvt
No property nrd found for device sky130_fd_pr__pfet_01v8_hvt
No property nrs found for device sky130_fd_pr__pfet_01v8_hvt
No property area found for device sky130_fd_pr__pfet_01v8_hvt
No property perim found for device sky130_fd_pr__pfet_01v8_hvt
No property topography found for device sky130_fd_pr__pfet_01v8_hvt
Model sky130_fd_pr__special_nfet_01v8 pin 1 == 3
No property mult found for device sky130_fd_pr__special_nfet_01v8
No property sa found for device sky130_fd_pr__special_nfet_01v8
No property sb found for device sky130_fd_pr__special_nfet_01v8
No property sd found for device sky130_fd_pr__special_nfet_01v8
No property nf found for device sky130_fd_pr__special_nfet_01v8
No property nrd found for device sky130_fd_pr__special_nfet_01v8
No property nrs found for device sky130_fd_pr__special_nfet_01v8
No property area found for device sky130_fd_pr__special_nfet_01v8
No property perim found for device sky130_fd_pr__special_nfet_01v8
No property topography found for device sky130_fd_pr__special_nfet_01v8
Model sky130_fd_pr__special_nfet_01v8 pin 1 == 3
No property as found for device sky130_fd_pr__special_nfet_01v8
No property ad found for device sky130_fd_pr__special_nfet_01v8
No property ps found for device sky130_fd_pr__special_nfet_01v8
No property pd found for device sky130_fd_pr__special_nfet_01v8
No property mult found for device sky130_fd_pr__special_nfet_01v8
No property sa found for device sky130_fd_pr__special_nfet_01v8
No property sb found for device sky130_fd_pr__special_nfet_01v8
No property sd found for device sky130_fd_pr__special_nfet_01v8
No property nf found for device sky130_fd_pr__special_nfet_01v8
No property nrd found for device sky130_fd_pr__special_nfet_01v8
No property nrs found for device sky130_fd_pr__special_nfet_01v8
No property area found for device sky130_fd_pr__special_nfet_01v8
No property perim found for device sky130_fd_pr__special_nfet_01v8
No property topography found for device sky130_fd_pr__special_nfet_01v8
Model sky130_fd_pr__special_pfet_01v8_hvt pin 1 == 3
No property as found for device sky130_fd_pr__special_pfet_01v8_hvt
No property ad found for device sky130_fd_pr__special_pfet_01v8_hvt
No property ps found for device sky130_fd_pr__special_pfet_01v8_hvt
No property pd found for device sky130_fd_pr__special_pfet_01v8_hvt
No property mult found for device sky130_fd_pr__special_pfet_01v8_hvt
No property sa found for device sky130_fd_pr__special_pfet_01v8_hvt
No property sb found for device sky130_fd_pr__special_pfet_01v8_hvt
No property sd found for device sky130_fd_pr__special_pfet_01v8_hvt
No property nf found for device sky130_fd_pr__special_pfet_01v8_hvt
No property nrd found for device sky130_fd_pr__special_pfet_01v8_hvt
No property nrs found for device sky130_fd_pr__special_pfet_01v8_hvt
No property area found for device sky130_fd_pr__special_pfet_01v8_hvt
No property perim found for device sky130_fd_pr__special_pfet_01v8_hvt
No property topography found for device sky130_fd_pr__special_pfet_01v8_hvt
No property value found for device sky130_fd_pr__diode_pw2nd_05v5
No property mult found for device sky130_fd_pr__diode_pw2nd_05v5
No property value found for device sky130_fd_pr__diode_pw2nd_05v5
No property mult found for device sky130_fd_pr__diode_pw2nd_05v5
Matching pins of sky130_fd_pr__nfet_01v8 in circuits 1 and 2

Subcircuit pins:
Circuit 1: sky130_fd_pr__nfet_01v8                                                |Circuit 2: sky130_fd_pr__nfet_01v8                                                
----------------------------------------------------------------------------------|----------------------------------------------------------------------------------
1                                                                                 |1                                                                                 
2                                                                                 |2                                                                                 
3                                                                                 |3                                                                                 
4                                                                                 |4                                                                                 
---------------------------------------------------------------------------------------------------------------------------------------------------------------------
Cell pin lists are equivalent.
Matching pins of sky130_fd_pr__pfet_01v8_hvt in circuits 1 and 2

Subcircuit pins:
Circuit 1: sky130_fd_pr__pfet_01v8_hvt                                            |Circuit 2: sky130_fd_pr__pfet_01v8_hvt                                            
----------------------------------------------------------------------------------|----------------------------------------------------------------------------------
1                                                                                 |1                                                                                 
2                                                                                 |2                                                                                 
3                                                                                 |3                                                                                 
4                                                                                 |4                                                                                 
---------------------------------------------------------------------------------------------------------------------------------------------------------------------
Cell pin lists are equivalent.
Matching pins of sky130_fd_pr__diode_pw2nd_05v5 in circuits 1 and 2

Subcircuit pins:
Circuit 1: sky130_fd_pr__diode_pw2nd_05v5                                         |Circuit 2: sky130_fd_pr__diode_pw2nd_05v5                                         
----------------------------------------------------------------------------------|----------------------------------------------------------------------------------
1                                                                                 |1                                                                                 
2                                                                                 |2                                                                                 
---------------------------------------------------------------------------------------------------------------------------------------------------------------------
Cell pin lists are equivalent.
Matching pins of sky130_fd_pr__res_generic_po in circuits 1 and 2

Subcircuit pins:
Circuit 1: sky130_fd_pr__res_generic_po                                           |Circuit 2: sky130_fd_pr__res_generic_po                                           
----------------------------------------------------------------------------------|----------------------------------------------------------------------------------
1                                                                                 |1                                                                                 
2                                                                                 |2                                                                                 
---------------------------------------------------------------------------------------------------------------------------------------------------------------------
Cell pin lists are equivalent.
Matching pins of sky130_fd_pr__special_nfet_01v8 in circuits 1 and 2

Subcircuit pins:
Circuit 1: sky130_fd_pr__special_nfet_01v8                                        |Circuit 2: sky130_fd_pr__special_nfet_01v8                                        
----------------------------------------------------------------------------------|----------------------------------------------------------------------------------
1                                                                                 |1                                                                                 
2                                                                                 |2                                                                                 
3                                                                                 |3                                                                                 
4                                                                                 |4                                                                                 
---------------------------------------------------------------------------------------------------------------------------------------------------------------------
Cell pin lists are equivalent.
Device classes sky130_fd_sc_hd__or4_1 and sky130_fd_sc_hd__or4_1$1 are equivalent.
Equating sky130_fd_sc_hd__or4_1$1 in circuit 1 and sky130_fd_sc_hd__or4_1 in circuit 2
Device classes sky130_fd_sc_hd__or3_1 and sky130_fd_sc_hd__or3_1$1 are equivalent.
Equating sky130_fd_sc_hd__or3_1$1 in circuit 1 and sky130_fd_sc_hd__or3_1 in circuit 2
Device classes sky130_fd_sc_hd__and2_2 and sky130_fd_sc_hd__and2_2$1 are equivalent.
Equating sky130_fd_sc_hd__and2_2$1 in circuit 1 and sky130_fd_sc_hd__and2_2 in circuit 2
Device classes sky130_fd_sc_hd__or2_1 and sky130_fd_sc_hd__or2_1$1 are equivalent.
Equating sky130_fd_sc_hd__or2_1$1 in circuit 1 and sky130_fd_sc_hd__or2_1 in circuit 2
Device classes sky130_fd_sc_hd__inv_8 and sky130_fd_sc_hd__inv_8$1 are equivalent.
Equating sky130_fd_sc_hd__inv_8$1 in circuit 1 and sky130_fd_sc_hd__inv_8 in circuit 2
Device classes sky130_fd_sc_hd__dfxtp_2 and sky130_fd_sc_hd__dfxtp_2$1 are equivalent.
Equating sky130_fd_sc_hd__dfxtp_2$1 in circuit 1 and sky130_fd_sc_hd__dfxtp_2 in circuit 2
Device classes sky130_fd_sc_hd__a22o_1 and sky130_fd_sc_hd__a22o_1$1 are equivalent.
Equating sky130_fd_sc_hd__a22o_1$1 in circuit 1 and sky130_fd_sc_hd__a22o_1 in circuit 2
Device classes sky130_fd_sc_hd__o21a_1 and sky130_fd_sc_hd__o21a_1$1 are equivalent.
Equating sky130_fd_sc_hd__o21a_1$1 in circuit 1 and sky130_fd_sc_hd__o21a_1 in circuit 2
Device classes sky130_fd_sc_hd__clkbuf_16 and sky130_fd_sc_hd__clkbuf_16$1 are equivalent.
Equating sky130_fd_sc_hd__clkbuf_16$1 in circuit 1 and sky130_fd_sc_hd__clkbuf_16 in circuit 2
Device classes sky130_fd_sc_hd__o211a_1 and sky130_fd_sc_hd__o211a_1$1 are equivalent.
Equating sky130_fd_sc_hd__o211a_1$1 in circuit 1 and sky130_fd_sc_hd__o211a_1 in circuit 2
Device classes sky130_fd_sc_hd__clkbuf_8 and sky130_fd_sc_hd__clkbuf_8$1 are equivalent.
Equating sky130_fd_sc_hd__clkbuf_8$1 in circuit 1 and sky130_fd_sc_hd__clkbuf_8 in circuit 2
Device classes sky130_fd_sc_hd__nand2_4 and sky130_fd_sc_hd__nand2_4$1 are equivalent.
Equating sky130_fd_sc_hd__nand2_4$1 in circuit 1 and sky130_fd_sc_hd__nand2_4 in circuit 2
Device classes sky130_fd_sc_hd__and2_1 and sky130_fd_sc_hd__and2_1$1 are equivalent.
Equating sky130_fd_sc_hd__and2_1$1 in circuit 1 and sky130_fd_sc_hd__and2_1 in circuit 2
Device classes sky130_fd_sc_hd__and4b_1 and sky130_fd_sc_hd__and4b_1$1 are equivalent.
Equating sky130_fd_sc_hd__and4b_1$1 in circuit 1 and sky130_fd_sc_hd__and4b_1 in circuit 2
Device classes sky130_fd_sc_hd__buf_4 and sky130_fd_sc_hd__buf_4$1 are equivalent.
Equating sky130_fd_sc_hd__buf_4$1 in circuit 1 and sky130_fd_sc_hd__buf_4 in circuit 2
Device classes sky130_fd_sc_hd__inv_2 and sky130_fd_sc_hd__inv_2$1 are equivalent.
Equating sky130_fd_sc_hd__inv_2$1 in circuit 1 and sky130_fd_sc_hd__inv_2 in circuit 2
Device classes sky130_fd_sc_hd__or4bb_4 and sky130_fd_sc_hd__or4bb_4$1 are equivalent.
Equating sky130_fd_sc_hd__or4bb_4$1 in circuit 1 and sky130_fd_sc_hd__or4bb_4 in circuit 2
Device classes sky130_fd_sc_hd__dfxtp_1 and sky130_fd_sc_hd__dfxtp_1$1 are equivalent.
Equating sky130_fd_sc_hd__dfxtp_1$1 in circuit 1 and sky130_fd_sc_hd__dfxtp_1 in circuit 2
Device classes sky130_fd_sc_hd__dlygate4sd3_1 and sky130_fd_sc_hd__dlygate4sd3_1$1 are equivalent.
Equating sky130_fd_sc_hd__dlygate4sd3_1$1 in circuit 1 and sky130_fd_sc_hd__dlygate4sd3_1 in circuit 2
Device classes sky130_fd_sc_hd__fill_4 and sky130_fd_sc_hd__fill_4$1 are equivalent.
Equating sky130_fd_sc_hd__fill_4$1 in circuit 1 and sky130_fd_sc_hd__fill_4 in circuit 2
Device classes sky130_fd_sc_hd__a21o_1 and sky130_fd_sc_hd__a21o_1$1 are equivalent.
Equating sky130_fd_sc_hd__a21o_1$1 in circuit 1 and sky130_fd_sc_hd__a21o_1 in circuit 2
Device classes sky130_fd_sc_hd__nor4b_2 and sky130_fd_sc_hd__nor4b_2$1 are equivalent.
Equating sky130_fd_sc_hd__nor4b_2$1 in circuit 1 and sky130_fd_sc_hd__nor4b_2 in circuit 2
Device classes sky130_fd_sc_hd__clkbuf_2 and sky130_fd_sc_hd__clkbuf_2$1 are equivalent.
Equating sky130_fd_sc_hd__clkbuf_2$1 in circuit 1 and sky130_fd_sc_hd__clkbuf_2 in circuit 2
Device classes sky130_fd_sc_hd__clkinv_2 and sky130_fd_sc_hd__clkinv_2$1 are equivalent.
Equating sky130_fd_sc_hd__clkinv_2$1 in circuit 1 and sky130_fd_sc_hd__clkinv_2 in circuit 2
Device classes sky130_fd_sc_hd__nand2_8 and sky130_fd_sc_hd__nand2_8$1 are equivalent.
Equating sky130_fd_sc_hd__nand2_8$1 in circuit 1 and sky130_fd_sc_hd__nand2_8 in circuit 2
Device classes sky130_fd_sc_hd__buf_8 and sky130_fd_sc_hd__buf_8$1 are equivalent.
Equating sky130_fd_sc_hd__buf_8$1 in circuit 1 and sky130_fd_sc_hd__buf_8 in circuit 2
Device classes sky130_fd_sc_hd__inv_6 and sky130_fd_sc_hd__inv_6$1 are equivalent.
Equating sky130_fd_sc_hd__inv_6$1 in circuit 1 and sky130_fd_sc_hd__inv_6 in circuit 2
Device classes sky130_ef_sc_hd__decap_40_12 and sky130_ef_sc_hd__decap_40_12$1 are equivalent.
Equating sky130_ef_sc_hd__decap_40_12$1 in circuit 1 and sky130_ef_sc_hd__decap_40_12 in circuit 2
Device classes sky130_fd_sc_hd__buf_12 and sky130_fd_sc_hd__buf_12$1 are equivalent.
Equating sky130_fd_sc_hd__buf_12$1 in circuit 1 and sky130_fd_sc_hd__buf_12 in circuit 2
Device classes sky130_fd_sc_hd__fill_8 and sky130_fd_sc_hd__fill_8$1 are equivalent.
Equating sky130_fd_sc_hd__fill_8$1 in circuit 1 and sky130_fd_sc_hd__fill_8 in circuit 2
Device classes sky130_fd_sc_hd__nor4b_1 and sky130_fd_sc_hd__nor4b_1$1 are equivalent.
Equating sky130_fd_sc_hd__nor4b_1$1 in circuit 1 and sky130_fd_sc_hd__nor4b_1 in circuit 2
Device classes sky130_fd_sc_hd__nand2_2 and sky130_fd_sc_hd__nand2_2$1 are equivalent.
Equating sky130_fd_sc_hd__nand2_2$1 in circuit 1 and sky130_fd_sc_hd__nand2_2 in circuit 2
Device classes sky130_fd_sc_hd__and4b_4 and sky130_fd_sc_hd__and4b_4$1 are equivalent.
Equating sky130_fd_sc_hd__and4b_4$1 in circuit 1 and sky130_fd_sc_hd__and4b_4 in circuit 2
Device classes sky130_fd_sc_hd__decap_3 and sky130_fd_sc_hd__decap_3$1 are equivalent.
Equating sky130_fd_sc_hd__decap_3$1 in circuit 1 and sky130_fd_sc_hd__decap_3 in circuit 2
Device classes sky130_fd_sc_hd__buf_2 and sky130_fd_sc_hd__buf_2$1 are equivalent.
Equating sky130_fd_sc_hd__buf_2$1 in circuit 1 and sky130_fd_sc_hd__buf_2 in circuit 2
Device classes sky130_fd_sc_hd__conb_1 and sky130_fd_sc_hd__conb_1$1 are equivalent.
Equating sky130_fd_sc_hd__conb_1$1 in circuit 1 and sky130_fd_sc_hd__conb_1 in circuit 2
Device classes sky130_fd_sc_hd__o31a_1 and sky130_fd_sc_hd__o31a_1$1 are equivalent.
Equating sky130_fd_sc_hd__o31a_1$1 in circuit 1 and sky130_fd_sc_hd__o31a_1 in circuit 2
Device classes sky130_fd_sc_hd__dfxtp_4 and sky130_fd_sc_hd__dfxtp_4$1 are equivalent.
Equating sky130_fd_sc_hd__dfxtp_4$1 in circuit 1 and sky130_fd_sc_hd__dfxtp_4 in circuit 2
Device classes sky130_fd_sc_hd__bufinv_16 and sky130_fd_sc_hd__bufinv_16$1 are equivalent.
Equating sky130_fd_sc_hd__bufinv_16$1 in circuit 1 and sky130_fd_sc_hd__bufinv_16 in circuit 2
Device classes sky130_fd_sc_hd__o221a_1 and sky130_fd_sc_hd__o221a_1$1 are equivalent.
Equating sky130_fd_sc_hd__o221a_1$1 in circuit 1 and sky130_fd_sc_hd__o221a_1 in circuit 2
Device classes sky130_fd_sc_hd__fill_2 and sky130_fd_sc_hd__fill_2$1 are equivalent.
Equating sky130_fd_sc_hd__fill_2$1 in circuit 1 and sky130_fd_sc_hd__fill_2 in circuit 2
Device classes sky130_fd_sc_hd__tapvpwrvgnd_1 and sky130_fd_sc_hd__tapvpwrvgnd_1$1 are equivalent.
Equating sky130_fd_sc_hd__tapvpwrvgnd_1$1 in circuit 1 and sky130_fd_sc_hd__tapvpwrvgnd_1 in circuit 2
Device classes sky130_fd_sc_hd__dlymetal6s2s_1 and sky130_fd_sc_hd__dlymetal6s2s_1$1 are equivalent.
Equating sky130_fd_sc_hd__dlymetal6s2s_1$1 in circuit 1 and sky130_fd_sc_hd__dlymetal6s2s_1 in circuit 2
Device classes sky130_fd_sc_hd__a2111o_1 and sky130_fd_sc_hd__a2111o_1$1 are equivalent.
Equating sky130_fd_sc_hd__a2111o_1$1 in circuit 1 and sky130_fd_sc_hd__a2111o_1 in circuit 2
Device classes sky130_fd_sc_hd__clkinvlp_4 and sky130_fd_sc_hd__clkinvlp_4$1 are equivalent.
Equating sky130_fd_sc_hd__clkinvlp_4$1 in circuit 1 and sky130_fd_sc_hd__clkinvlp_4 in circuit 2
Device classes sky130_fd_sc_hd__a221o_1 and sky130_fd_sc_hd__a221o_1$1 are equivalent.
Equating sky130_fd_sc_hd__a221o_1$1 in circuit 1 and sky130_fd_sc_hd__a221o_1 in circuit 2
Device classes sky130_fd_sc_hd__or4_2 and sky130_fd_sc_hd__or4_2$1 are equivalent.
Equating sky130_fd_sc_hd__or4_2$1 in circuit 1 and sky130_fd_sc_hd__or4_2 in circuit 2
Device classes sky130_fd_sc_hd__buf_1 and sky130_fd_sc_hd__buf_1$1 are equivalent.
Equating sky130_fd_sc_hd__buf_1$1 in circuit 1 and sky130_fd_sc_hd__buf_1 in circuit 2
Device classes sky130_fd_sc_hd__buf_6 and sky130_fd_sc_hd__buf_6$1 are equivalent.
Equating sky130_fd_sc_hd__buf_6$1 in circuit 1 and sky130_fd_sc_hd__buf_6 in circuit 2
Device classes sky130_fd_sc_hd__and4bb_4 and sky130_fd_sc_hd__and4bb_4$1 are equivalent.
Equating sky130_fd_sc_hd__and4bb_4$1 in circuit 1 and sky130_fd_sc_hd__and4bb_4 in circuit 2
Device classes sky130_fd_sc_hd__inv_4 and sky130_fd_sc_hd__inv_4$1 are equivalent.
Equating sky130_fd_sc_hd__inv_4$1 in circuit 1 and sky130_fd_sc_hd__inv_4 in circuit 2
Device classes sky130_fd_sc_hd__fill_1 and sky130_fd_sc_hd__fill_1$1 are equivalent.
Equating sky130_fd_sc_hd__fill_1$1 in circuit 1 and sky130_fd_sc_hd__fill_1 in circuit 2
Device classes sky130_fd_sc_hd__nor4b_4 and sky130_fd_sc_hd__nor4b_4$1 are equivalent.
Equating sky130_fd_sc_hd__nor4b_4$1 in circuit 1 and sky130_fd_sc_hd__nor4b_4 in circuit 2
Device classes sky130_fd_sc_hd__clkbuf_4 and sky130_fd_sc_hd__clkbuf_4$1 are equivalent.
Equating sky130_fd_sc_hd__clkbuf_4$1 in circuit 1 and sky130_fd_sc_hd__clkbuf_4 in circuit 2
Device classes sky130_fd_sc_hd__diode_2 and sky130_fd_sc_hd__diode_2$1 are equivalent.
Equating sky130_fd_sc_hd__diode_2$1 in circuit 1 and sky130_fd_sc_hd__diode_2 in circuit 2
Device classes sky130_fd_sc_hd__clkinv_4 and sky130_fd_sc_hd__clkinv_4$1 are equivalent.
Equating sky130_fd_sc_hd__clkinv_4$1 in circuit 1 and sky130_fd_sc_hd__clkinv_4 in circuit 2
Comparison output logged to file /tmp/tmpvjn2kage/repo/precheck_results/16_SEP_2026___21_38_25/tmp/lvs.report
Logging to file "/tmp/tmpvjn2kage/repo/precheck_results/16_SEP_2026___21_38_25/tmp/lvs.report" enabled
Circuit sky130_fd_pr__pfet_01v8_hvt contains no devices.
Circuit sky130_fd_pr__nfet_01v8 contains no devices.
Circuit sky130_fd_pr__special_nfet_01v8 contains no devices.
Circuit sky130_fd_pr__diode_pw2nd_05v5 contains no devices.
Circuit sky130_fd_pr__res_generic_po contains no devices.

Contents of circuit 1:  Circuit: 'sky130_fd_sc_hd__fill_2$1'
Circuit sky130_fd_sc_hd__fill_2$1 contains 0 device instances.
Circuit contains 0 nets, and 4 disconnected pins.
Contents of circuit 2:  Circuit: 'sky130_fd_sc_hd__fill_2'
Circuit sky130_fd_sc_hd__fill_2 contains 0 device instances.
Circuit contains 0 nets, and 4 disconnected pins.

Circuit sky130_fd_sc_hd__fill_2$1 contains no devices.

Contents of circuit 1:  Circuit: 'sky130_fd_sc_hd__tapvpwrvgnd_1$1'
Circuit sky130_fd_sc_hd__tapvpwrvgnd_1$1 contains 0 device instances.
Circuit contains 0 nets, and 2 disconnected pins.
Contents of circuit 2:  Circuit: 'sky130_fd_sc_hd__tapvpwrvgnd_1'
Circuit sky130_fd_sc_hd__tapvpwrvgnd_1 contains 0 device instances.
Circuit contains 0 nets, and 2 disconnected pins.

Circuit sky130_fd_sc_hd__tapvpwrvgnd_1$1 contains no devices.

Contents of circuit 1:  Circuit: 'sky130_fd_sc_hd__fill_4$1'
Circuit sky130_fd_sc_hd__fill_4$1 contains 0 device instances.
Circuit contains 0 nets, and 4 disconnected pins.
Contents of circuit 2:  Circuit: 'sky130_fd_sc_hd__fill_4'
Circuit sky130_fd_sc_hd__fill_4 contains 0 device instances.
Circuit contains 0 nets, and 4 disconnected pins.

Circuit sky130_fd_sc_hd__fill_4$1 contains no devices.

Contents of circuit 1:  Circuit: 'sky130_ef_sc_hd__decap_40_12$1'
Circuit sky130_ef_sc_hd__decap_40_12$1 contains 2 device instances.
  Class: sky130_fd_pr__nfet_01v8 instances:   1
  Class: sky130_fd_pr__pfet_01v8_hvt instances:   1
Circuit contains 4 nets.
Contents of circuit 2:  Circuit: 'sky130_ef_sc_hd__decap_40_12'
Circuit sky130_ef_sc_hd__decap_40_12 contains 2 device instances.
  Class: sky130_fd_pr__nfet_01v8 instances:   1
  Class: sky130_fd_pr__pfet_01v8_hvt instances:   1
Circuit contains 4 nets.

Circuit 1 contains 2 devices, Circuit 2 contains 2 devices.
Circuit 1 contains 4 nets,    Circuit 2 contains 4 nets.


Contents of circuit 1:  Circuit: 'sky130_fd_sc_hd__decap_3$1'
Circuit sky130_fd_sc_hd__decap_3$1 contains 2 device instances.
  Class: sky130_fd_pr__nfet_01v8 instances:   1
  Class: sky130_fd_pr__pfet_01v8_hvt instances:   1
Circuit contains 4 nets.
Contents of circuit 2:  Circuit: 'sky130_fd_sc_hd__decap_3'
Circuit sky130_fd_sc_hd__decap_3 contains 2 device instances.
  Class: sky130_fd_pr__nfet_01v8 instances:   1
  Class: sky130_fd_pr__pfet_01v8_hvt instances:   1
Circuit contains 4 nets.

Circuit 1 contains 2 devices, Circuit 2 contains 2 devices.
Circuit 1 contains 4 nets,    Circuit 2 contains 4 nets.


Contents of circuit 1:  Circuit: 'sky130_fd_sc_hd__fill_1$1'
Circuit sky130_fd_sc_hd__fill_1$1 contains 0 device instances.
Circuit contains 0 nets, and 4 disconnected pins.
Contents of circuit 2:  Circuit: 'sky130_fd_sc_hd__fill_1'
Circuit sky130_fd_sc_hd__fill_1 contains 0 device instances.
Circuit contains 0 nets, and 4 disconnected pins.

Circuit sky130_fd_sc_hd__fill_1$1 contains no devices.

Contents of circuit 1:  Circuit: 'sky130_fd_sc_hd__fill_8$1'
Circuit sky130_fd_sc_hd__fill_8$1 contains 0 device instances.
Circuit contains 0 nets, and 4 disconnected pins.
Contents of circuit 2:  Circuit: 'sky130_fd_sc_hd__fill_8'
Circuit sky130_fd_sc_hd__fill_8 contains 0 device instances.
Circuit contains 0 nets, and 4 disconnected pins.

Circuit sky130_fd_sc_hd__fill_8$1 contains no devices.

Contents of circuit 1:  Circuit: 'sky130_fd_sc_hd__or2_1$1'
Circuit sky130_fd_sc_hd__or2_1$1 contains 6 device instances.
  Class: sky130_fd_pr__nfet_01v8 instances:   3
  Class: sky130_fd_pr__pfet_01v8_hvt instances:   3
Circuit contains 9 nets.
Contents of circuit 2:  Circuit: 'sky130_fd_sc_hd__or2_1'
Circuit sky130_fd_sc_hd__or2_1 contains 6 device instances.
  Class: sky130_fd_pr__nfet_01v8 instances:   3
  Class: sky130_fd_pr__pfet_01v8_hvt instances:   3
Circuit contains 9 nets.

Circuit 1 contains 6 devices, Circuit 2 contains 6 devices.
Circuit 1 contains 9 nets,    Circuit 2 contains 9 nets.


Contents of circuit 1:  Circuit: 'sky130_fd_sc_hd__o211a_1$1'
Circuit sky130_fd_sc_hd__o211a_1$1 contains 10 device instances.
  Class: sky130_fd_pr__nfet_01v8 instances:   5
  Class: sky130_fd_pr__pfet_01v8_hvt instances:   5
Circuit contains 13 nets.
Contents of circuit 2:  Circuit: 'sky130_fd_sc_hd__o211a_1'
Circuit sky130_fd_sc_hd__o211a_1 contains 10 device instances.
  Class: sky130_fd_pr__nfet_01v8 instances:   5
  Class: sky130_fd_pr__pfet_01v8_hvt instances:   5
Circuit contains 13 nets.

Circuit 1 contains 10 devices, Circuit 2 contains 10 devices.
Circuit 1 contains 13 nets,    Circuit 2 contains 13 nets.


Contents of circuit 1:  Circuit: 'sky130_fd_sc_hd__dfxtp_1$1'
Circuit sky130_fd_sc_hd__dfxtp_1$1 contains 24 device instances.
  Class: sky130_fd_pr__nfet_01v8 instances:   8
  Class: sky130_fd_pr__pfet_01v8_hvt instances:  12
  Class: sky130_fd_pr__special_nfet_01v8 instances:   4
Circuit contains 18 nets.
Contents of circuit 2:  Circuit: 'sky130_fd_sc_hd__dfxtp_1'
Circuit sky130_fd_sc_hd__dfxtp_1 contains 24 device instances.
  Class: sky130_fd_pr__nfet_01v8 instances:   8
  Class: sky130_fd_pr__pfet_01v8_hvt instances:  12
  Class: sky130_fd_pr__special_nfet_01v8 instances:   4
Circuit contains 18 nets.

Circuit 1 contains 24 devices, Circuit 2 contains 24 devices.
Circuit 1 contains 18 nets,    Circuit 2 contains 18 nets.


Contents of circuit 1:  Circuit: 'sky130_fd_sc_hd__dlygate4sd3_1$1'
Circuit sky130_fd_sc_hd__dlygate4sd3_1$1 contains 8 device instances.
  Class: sky130_fd_pr__nfet_01v8 instances:   4
  Class: sky130_fd_pr__pfet_01v8_hvt instances:   4
Circuit contains 9 nets.
Contents of circuit 2:  Circuit: 'sky130_fd_sc_hd__dlygate4sd3_1'
Circuit sky130_fd_sc_hd__dlygate4sd3_1 contains 8 device instances.
  Class: sky130_fd_pr__nfet_01v8 instances:   4
  Class: sky130_fd_pr__pfet_01v8_hvt instances:   4
Circuit contains 9 nets.

Circuit 1 contains 8 devices, Circuit 2 contains 8 devices.
Circuit 1 contains 9 nets,    Circuit 2 contains 9 nets.


Contents of circuit 1:  Circuit: 'sky130_fd_sc_hd__a2111o_1$1'
Circuit sky130_fd_sc_hd__a2111o_1$1 contains 12 device instances.
  Class: sky130_fd_pr__nfet_01v8 instances:   6
  Class: sky130_fd_pr__pfet_01v8_hvt instances:   6
Circuit contains 15 nets.
Contents of circuit 2:  Circuit: 'sky130_fd_sc_hd__a2111o_1'
Circuit sky130_fd_sc_hd__a2111o_1 contains 12 device instances.
  Class: sky130_fd_pr__nfet_01v8 instances:   6
  Class: sky130_fd_pr__pfet_01v8_hvt instances:   6
Circuit contains 15 nets.

Circuit 1 contains 12 devices, Circuit 2 contains 12 devices.
Circuit 1 contains 15 nets,    Circuit 2 contains 15 nets.


Contents of circuit 1:  Circuit: 'sky130_fd_sc_hd__a22o_1$1'
Circuit sky130_fd_sc_hd__a22o_1$1 contains 10 device instances.
  Class: sky130_fd_pr__nfet_01v8 instances:   5
  Class: sky130_fd_pr__pfet_01v8_hvt instances:   5
Circuit contains 13 nets.
Contents of circuit 2:  Circuit: 'sky130_fd_sc_hd__a22o_1'
Circuit sky130_fd_sc_hd__a22o_1 contains 10 device instances.
  Class: sky130_fd_pr__nfet_01v8 instances:   5
  Class: sky130_fd_pr__pfet_01v8_hvt instances:   5
Circuit contains 13 nets.

Circuit 1 contains 10 devices, Circuit 2 contains 10 devices.
Circuit 1 contains 13 nets,    Circuit 2 contains 13 nets.


Contents of circuit 1:  Circuit: 'sky130_fd_sc_hd__and4bb_4$1'
Circuit sky130_fd_sc_hd__and4bb_4$1 contains 14 device instances.
  Class: sky130_fd_pr__nfet_01v8 instances:   7
  Class: sky130_fd_pr__pfet_01v8_hvt instances:   7
Circuit contains 15 nets.
Contents of circuit 2:  Circuit: 'sky130_fd_sc_hd__and4bb_4'
Circuit sky130_fd_sc_hd__and4bb_4 contains 20 device instances.
  Class: sky130_fd_pr__nfet_01v8 instances:  10
  Class: sky130_fd_pr__pfet_01v8_hvt instances:  10
Circuit contains 15 nets.

Circuit was modified by parallel/series device merging.
New circuit summary:

Contents of circuit 1:  Circuit: 'sky130_fd_sc_hd__and4bb_4$1'
Circuit sky130_fd_sc_hd__and4bb_4$1 contains 14 device instances.
  Class: sky130_fd_pr__nfet_01v8 instances:   7
  Class: sky130_fd_pr__pfet_01v8_hvt instances:   7
Circuit contains 15 nets.
Contents of circuit 2:  Circuit: 'sky130_fd_sc_hd__and4bb_4'
Circuit sky130_fd_sc_hd__and4bb_4 contains 14 device instances.
  Class: sky130_fd_pr__nfet_01v8 instances:   7
  Class: sky130_fd_pr__pfet_01v8_hvt instances:   7
Circuit contains 15 nets.

Circuit 1 contains 14 devices, Circuit 2 contains 14 devices.
Circuit 1 contains 15 nets,    Circuit 2 contains 15 nets.


Contents of circuit 1:  Circuit: 'sky130_fd_sc_hd__buf_2$1'
Circuit sky130_fd_sc_hd__buf_2$1 contains 4 device instances.
  Class: sky130_fd_pr__nfet_01v8 instances:   2
  Class: sky130_fd_pr__pfet_01v8_hvt instances:   2
Circuit contains 7 nets.
Contents of circuit 2:  Circuit: 'sky130_fd_sc_hd__buf_2'
Circuit sky130_fd_sc_hd__buf_2 contains 6 device instances.
  Class: sky130_fd_pr__nfet_01v8 instances:   3
  Class: sky130_fd_pr__pfet_01v8_hvt instances:   3
Circuit contains 7 nets.

Circuit was modified by parallel/series device merging.
New circuit summary:

Contents of circuit 1:  Circuit: 'sky130_fd_sc_hd__buf_2$1'
Circuit sky130_fd_sc_hd__buf_2$1 contains 4 device instances.
  Class: sky130_fd_pr__nfet_01v8 instances:   2
  Class: sky130_fd_pr__pfet_01v8_hvt instances:   2
Circuit contains 7 nets.
Contents of circuit 2:  Circuit: 'sky130_fd_sc_hd__buf_2'
Circuit sky130_fd_sc_hd__buf_2 contains 4 device instances.
  Class: sky130_fd_pr__nfet_01v8 instances:   2
  Class: sky130_fd_pr__pfet_01v8_hvt instances:   2
Circuit contains 7 nets.

Circuit 1 contains 4 devices, Circuit 2 contains 4 devices.
Circuit 1 contains 7 nets,    Circuit 2 contains 7 nets.


Contents of circuit 1:  Circuit: 'sky130_fd_sc_hd__clkbuf_2$1'
Circuit sky130_fd_sc_hd__clkbuf_2$1 contains 4 device instances.
  Class: sky130_fd_pr__nfet_01v8 instances:   2
  Class: sky130_fd_pr__pfet_01v8_hvt instances:   2
Circuit contains 7 nets.
Contents of circuit 2:  Circuit: 'sky130_fd_sc_hd__clkbuf_2'
Circuit sky130_fd_sc_hd__clkbuf_2 contains 6 device instances.
  Class: sky130_fd_pr__nfet_01v8 instances:   3
  Class: sky130_fd_pr__pfet_01v8_hvt instances:   3
Circuit contains 7 nets.

Circuit was modified by parallel/series device merging.
New circuit summary:

Contents of circuit 1:  Circuit: 'sky130_fd_sc_hd__clkbuf_2$1'
Circuit sky130_fd_sc_hd__clkbuf_2$1 contains 4 device instances.
  Class: sky130_fd_pr__nfet_01v8 instances:   2
  Class: sky130_fd_pr__pfet_01v8_hvt instances:   2
Circuit contains 7 nets.
Contents of circuit 2:  Circuit: 'sky130_fd_sc_hd__clkbuf_2'
Circuit sky130_fd_sc_hd__clkbuf_2 contains 4 device instances.
  Class: sky130_fd_pr__nfet_01v8 instances:   2
  Class: sky130_fd_pr__pfet_01v8_hvt instances:   2
Circuit contains 7 nets.

Circuit 1 contains 4 devices, Circuit 2 contains 4 devices.
Circuit 1 contains 7 nets,    Circuit 2 contains 7 nets.


Contents of circuit 1:  Circuit: 'sky130_fd_sc_hd__buf_4$1'
Circuit sky130_fd_sc_hd__buf_4$1 contains 4 device instances.
  Class: sky130_fd_pr__nfet_01v8 instances:   2
  Class: sky130_fd_pr__pfet_01v8_hvt instances:   2
Circuit contains 7 nets.
Contents of circuit 2:  Circuit: 'sky130_fd_sc_hd__buf_4'
Circuit sky130_fd_sc_hd__buf_4 contains 10 device instances.
  Class: sky130_fd_pr__nfet_01v8 instances:   5
  Class: sky130_fd_pr__pfet_01v8_hvt instances:   5
Circuit contains 7 nets.

Circuit was modified by parallel/series device merging.
New circuit summary:

Contents of circuit 1:  Circuit: 'sky130_fd_sc_hd__buf_4$1'
Circuit sky130_fd_sc_hd__buf_4$1 contains 4 device instances.
  Class: sky130_fd_pr__nfet_01v8 instances:   2
  Class: sky130_fd_pr__pfet_01v8_hvt instances:   2
Circuit contains 7 nets.
Contents of circuit 2:  Circuit: 'sky130_fd_sc_hd__buf_4'
Circuit sky130_fd_sc_hd__buf_4 contains 4 device instances.
  Class: sky130_fd_pr__nfet_01v8 instances:   2
  Class: sky130_fd_pr__pfet_01v8_hvt instances:   2
Circuit contains 7 nets.

Circuit 1 contains 4 devices, Circuit 2 contains 4 devices.
Circuit 1 contains 7 nets,    Circuit 2 contains 7 nets.


Contents of circuit 1:  Circuit: 'sky130_fd_sc_hd__clkbuf_8$1'
Circuit sky130_fd_sc_hd__clkbuf_8$1 contains 4 device instances.
  Class: sky130_fd_pr__nfet_01v8 instances:   2
  Class: sky130_fd_pr__pfet_01v8_hvt instances:   2
Circuit contains 7 nets.
Contents of circuit 2:  Circuit: 'sky130_fd_sc_hd__clkbuf_8'
Circuit sky130_fd_sc_hd__clkbuf_8 contains 20 device instances.
  Class: sky130_fd_pr__nfet_01v8 instances:  10
  Class: sky130_fd_pr__pfet_01v8_hvt instances:  10
Circuit contains 7 nets.

Circuit was modified by parallel/series device merging.
New circuit summary:

Contents of circuit 1:  Circuit: 'sky130_fd_sc_hd__clkbuf_8$1'
Circuit sky130_fd_sc_hd__clkbuf_8$1 contains 4 device instances.
  Class: sky130_fd_pr__nfet_01v8 instances:   2
  Class: sky130_fd_pr__pfet_01v8_hvt instances:   2
Circuit contains 7 nets.
Contents of circuit 2:  Circuit: 'sky130_fd_sc_hd__clkbuf_8'
Circuit sky130_fd_sc_hd__clkbuf_8 contains 4 device instances.
  Class: sky130_fd_pr__nfet_01v8 instances:   2
  Class: sky130_fd_pr__pfet_01v8_hvt instances:   2
Circuit contains 7 nets.

Circuit 1 contains 4 devices, Circuit 2 contains 4 devices.
Circuit 1 contains 7 nets,    Circuit 2 contains 7 nets.


Contents of circuit 1:  Circuit: 'sky130_fd_sc_hd__diode_2$1'
Circuit sky130_fd_sc_hd__diode_2$1 contains 1 device instances.
  Class: sky130_fd_pr__diode_pw2nd_05v5 instances:   1
Circuit contains 2 nets, and 3 disconnected pins.
Contents of circuit 2:  Circuit: 'sky130_fd_sc_hd__diode_2'
Circuit sky130_fd_sc_hd__diode_2 contains 1 device instances.
  Class: sky130_fd_pr__diode_pw2nd_05v5 instances:   1
Circuit contains 2 nets, and 3 disconnected pins.

Circuit 1 contains 1 devices, Circuit 2 contains 1 devices.
Circuit 1 contains 2 nets,    Circuit 2 contains 2 nets.


Contents of circuit 1:  Circuit: 'sky130_fd_sc_hd__buf_12$1'
Circuit sky130_fd_sc_hd__buf_12$1 contains 4 device instances.
  Class: sky130_fd_pr__nfet_01v8 instances:   2
  Class: sky130_fd_pr__pfet_01v8_hvt instances:   2
Circuit contains 7 nets.
Contents of circuit 2:  Circuit: 'sky130_fd_sc_hd__buf_12'
Circuit sky130_fd_sc_hd__buf_12 contains 32 device instances.
  Class: sky130_fd_pr__nfet_01v8 instances:  16
  Class: sky130_fd_pr__pfet_01v8_hvt instances:  16
Circuit contains 7 nets.

Circuit was modified by parallel/series device merging.
New circuit summary:

Contents of circuit 1:  Circuit: 'sky130_fd_sc_hd__buf_12$1'
Circuit sky130_fd_sc_hd__buf_12$1 contains 4 device instances.
  Class: sky130_fd_pr__nfet_01v8 instances:   2
  Class: sky130_fd_pr__pfet_01v8_hvt instances:   2
Circuit contains 7 nets.
Contents of circuit 2:  Circuit: 'sky130_fd_sc_hd__buf_12'
Circuit sky130_fd_sc_hd__buf_12 contains 4 device instances.
  Class: sky130_fd_pr__nfet_01v8 instances:   2
  Class: sky130_fd_pr__pfet_01v8_hvt instances:   2
Circuit contains 7 nets.

Circuit 1 contains 4 devices, Circuit 2 contains 4 devices.
Circuit 1 contains 7 nets,    Circuit 2 contains 7 nets.


Contents of circuit 1:  Circuit: 'sky130_fd_sc_hd__dfxtp_4$1'
Circuit sky130_fd_sc_hd__dfxtp_4$1 contains 24 device instances.
  Class: sky130_fd_pr__nfet_01v8 instances:   8
  Class: sky130_fd_pr__pfet_01v8_hvt instances:  12
  Class: sky130_fd_pr__special_nfet_01v8 instances:   4
Circuit contains 18 nets.
Contents of circuit 2:  Circuit: 'sky130_fd_sc_hd__dfxtp_4'
Circuit sky130_fd_sc_hd__dfxtp_4 contains 30 device instances.
  Class: sky130_fd_pr__nfet_01v8 instances:  11
  Class: sky130_fd_pr__pfet_01v8_hvt instances:  15
  Class: sky130_fd_pr__special_nfet_01v8 instances:   4
Circuit contains 18 nets.

Circuit was modified by parallel/series device merging.
New circuit summary:

Contents of circuit 1:  Circuit: 'sky130_fd_sc_hd__dfxtp_4$1'
Circuit sky130_fd_sc_hd__dfxtp_4$1 contains 24 device instances.
  Class: sky130_fd_pr__nfet_01v8 instances:   8
  Class: sky130_fd_pr__pfet_01v8_hvt instances:  12
  Class: sky130_fd_pr__special_nfet_01v8 instances:   4
Circuit contains 18 nets.
Contents of circuit 2:  Circuit: 'sky130_fd_sc_hd__dfxtp_4'
Circuit sky130_fd_sc_hd__dfxtp_4 contains 24 device instances.
  Class: sky130_fd_pr__nfet_01v8 instances:   8
  Class: sky130_fd_pr__pfet_01v8_hvt instances:  12
  Class: sky130_fd_pr__special_nfet_01v8 instances:   4
Circuit contains 18 nets.

Circuit 1 contains 24 devices, Circuit 2 contains 24 devices.
Circuit 1 contains 18 nets,    Circuit 2 contains 18 nets.


Contents of circuit 1:  Circuit: 'sky130_fd_sc_hd__o221a_1$1'
Circuit sky130_fd_sc_hd__o221a_1$1 contains 12 device instances.
  Class: sky130_fd_pr__nfet_01v8 instances:   6
  Class: sky130_fd_pr__pfet_01v8_hvt instances:   6
Circuit contains 15 nets.
Contents of circuit 2:  Circuit: 'sky130_fd_sc_hd__o221a_1'
Circuit sky130_fd_sc_hd__o221a_1 contains 12 device instances.
  Class: sky130_fd_pr__nfet_01v8 instances:   6
  Class: sky130_fd_pr__pfet_01v8_hvt instances:   6
Circuit contains 15 nets.

Circuit 1 contains 12 devices, Circuit 2 contains 12 devices.
Circuit 1 contains 15 nets,    Circuit 2 contains 15 nets.


Contents of circuit 1:  Circuit: 'sky130_fd_sc_hd__a221o_1$1'
Circuit sky130_fd_sc_hd__a221o_1$1 contains 12 device instances.
  Class: sky130_fd_pr__nfet_01v8 instances:   6
  Class: sky130_fd_pr__pfet_01v8_hvt instances:   6
Circuit contains 15 nets.
Contents of circuit 2:  Circuit: 'sky130_fd_sc_hd__a221o_1'
Circuit sky130_fd_sc_hd__a221o_1 contains 12 device instances.
  Class: sky130_fd_pr__nfet_01v8 instances:   6
  Class: sky130_fd_pr__pfet_01v8_hvt instances:   6
Circuit contains 15 nets.

Circuit 1 contains 12 devices, Circuit 2 contains 12 devices.
Circuit 1 contains 15 nets,    Circuit 2 contains 15 nets.


Contents of circuit 1:  Circuit: 'sky130_fd_sc_hd__nand2_8$1'
Circuit sky130_fd_sc_hd__nand2_8$1 contains 4 device instances.
  Class: sky130_fd_pr__nfet_01v8 instances:   2
  Class: sky130_fd_pr__pfet_01v8_hvt instances:   2
Circuit contains 8 nets.
Contents of circuit 2:  Circuit: 'sky130_fd_sc_hd__nand2_8'
Circuit sky130_fd_sc_hd__nand2_8 contains 32 device instances.
  Class: sky130_fd_pr__nfet_01v8 instances:  16
  Class: sky130_fd_pr__pfet_01v8_hvt instances:  16
Circuit contains 8 nets.

Circuit was modified by parallel/series device merging.
New circuit summary:

Contents of circuit 1:  Circuit: 'sky130_fd_sc_hd__nand2_8$1'
Circuit sky130_fd_sc_hd__nand2_8$1 contains 4 device instances.
  Class: sky130_fd_pr__nfet_01v8 instances:   2
  Class: sky130_fd_pr__pfet_01v8_hvt instances:   2
Circuit contains 8 nets.
Contents of circuit 2:  Circuit: 'sky130_fd_sc_hd__nand2_8'
Circuit sky130_fd_sc_hd__nand2_8 contains 4 device instances.
  Class: sky130_fd_pr__nfet_01v8 instances:   2
  Class: sky130_fd_pr__pfet_01v8_hvt instances:   2
Circuit contains 8 nets.

Circuit 1 contains 4 devices, Circuit 2 contains 4 devices.
Circuit 1 contains 8 nets,    Circuit 2 contains 8 nets.


Contents of circuit 1:  Circuit: 'sky130_fd_sc_hd__buf_1$1'
Circuit sky130_fd_sc_hd__buf_1$1 contains 4 device instances.
  Class: sky130_fd_pr__nfet_01v8 instances:   2
  Class: sky130_fd_pr__pfet_01v8_hvt instances:   2
Circuit contains 7 nets.
Contents of circuit 2:  Circuit: 'sky130_fd_sc_hd__buf_1'
Circuit sky130_fd_sc_hd__buf_1 contains 4 device instances.
  Class: sky130_fd_pr__nfet_01v8 instances:   2
  Class: sky130_fd_pr__pfet_01v8_hvt instances:   2
Circuit contains 7 nets.

Circuit 1 contains 4 devices, Circuit 2 contains 4 devices.
Circuit 1 contains 7 nets,    Circuit 2 contains 7 nets.


Contents of circuit 1:  Circuit: 'sky130_fd_sc_hd__or3_1$1'
Circuit sky130_fd_sc_hd__or3_1$1 contains 8 device instances.
  Class: sky130_fd_pr__nfet_01v8 instances:   4
  Class: sky130_fd_pr__pfet_01v8_hvt instances:   4
Circuit contains 11 nets.
Contents of circuit 2:  Circuit: 'sky130_fd_sc_hd__or3_1'
Circuit sky130_fd_sc_hd__or3_1 contains 8 device instances.
  Class: sky130_fd_pr__nfet_01v8 instances:   4
  Class: sky130_fd_pr__pfet_01v8_hvt instances:   4
Circuit contains 11 nets.

Circuit 1 contains 8 devices, Circuit 2 contains 8 devices.
Circuit 1 contains 11 nets,    Circuit 2 contains 11 nets.


Contents of circuit 1:  Circuit: 'sky130_fd_sc_hd__or4_2$1'
Circuit sky130_fd_sc_hd__or4_2$1 contains 10 device instances.
  Class: sky130_fd_pr__nfet_01v8 instances:   5
  Class: sky130_fd_pr__pfet_01v8_hvt instances:   5
Circuit contains 13 nets.
Contents of circuit 2:  Circuit: 'sky130_fd_sc_hd__or4_2'
Circuit sky130_fd_sc_hd__or4_2 contains 12 device instances.
  Class: sky130_fd_pr__nfet_01v8 instances:   6
  Class: sky130_fd_pr__pfet_01v8_hvt instances:   6
Circuit contains 13 nets.

Circuit was modified by parallel/series device merging.
New circuit summary:

Contents of circuit 1:  Circuit: 'sky130_fd_sc_hd__or4_2$1'
Circuit sky130_fd_sc_hd__or4_2$1 contains 10 device instances.
  Class: sky130_fd_pr__nfet_01v8 instances:   5
  Class: sky130_fd_pr__pfet_01v8_hvt instances:   5
Circuit contains 13 nets.
Contents of circuit 2:  Circuit: 'sky130_fd_sc_hd__or4_2'
Circuit sky130_fd_sc_hd__or4_2 contains 10 device instances.
  Class: sky130_fd_pr__nfet_01v8 instances:   5
  Class: sky130_fd_pr__pfet_01v8_hvt instances:   5
Circuit contains 13 nets.

Circuit 1 contains 10 devices, Circuit 2 contains 10 devices.
Circuit 1 contains 13 nets,    Circuit 2 contains 13 nets.


Contents of circuit 1:  Circuit: 'sky130_fd_sc_hd__nand2_2$1'
Circuit sky130_fd_sc_hd__nand2_2$1 contains 4 device instances.
  Class: sky130_fd_pr__nfet_01v8 instances:   2
  Class: sky130_fd_pr__pfet_01v8_hvt instances:   2
Circuit contains 8 nets.
Contents of circuit 2:  Circuit: 'sky130_fd_sc_hd__nand2_2'
Circuit sky130_fd_sc_hd__nand2_2 contains 8 device instances.
  Class: sky130_fd_pr__nfet_01v8 instances:   4
  Class: sky130_fd_pr__pfet_01v8_hvt instances:   4
Circuit contains 8 nets.

Circuit was modified by parallel/series device merging.
New circuit summary:

Contents of circuit 1:  Circuit: 'sky130_fd_sc_hd__nand2_2$1'
Circuit sky130_fd_sc_hd__nand2_2$1 contains 4 device instances.
  Class: sky130_fd_pr__nfet_01v8 instances:   2
  Class: sky130_fd_pr__pfet_01v8_hvt instances:   2
Circuit contains 8 nets.
Contents of circuit 2:  Circuit: 'sky130_fd_sc_hd__nand2_2'
Circuit sky130_fd_sc_hd__nand2_2 contains 4 device instances.
  Class: sky130_fd_pr__nfet_01v8 instances:   2
  Class: sky130_fd_pr__pfet_01v8_hvt instances:   2
Circuit contains 8 nets.

Circuit 1 contains 4 devices, Circuit 2 contains 4 devices.
Circuit 1 contains 8 nets,    Circuit 2 contains 8 nets.


Contents of circuit 1:  Circuit: 'sky130_fd_sc_hd__or4bb_4$1'
Circuit sky130_fd_sc_hd__or4bb_4$1 contains 14 device instances.
  Class: sky130_fd_pr__nfet_01v8 instances:   7
  Class: sky130_fd_pr__pfet_01v8_hvt instances:   7
Circuit contains 15 nets.
Contents of circuit 2:  Circuit: 'sky130_fd_sc_hd__or4bb_4'
Circuit sky130_fd_sc_hd__or4bb_4 contains 20 device instances.
  Class: sky130_fd_pr__nfet_01v8 instances:  10
  Class: sky130_fd_pr__pfet_01v8_hvt instances:  10
Circuit contains 15 nets.

Circuit was modified by parallel/series device merging.
New circuit summary:

Contents of circuit 1:  Circuit: 'sky130_fd_sc_hd__or4bb_4$1'
Circuit sky130_fd_sc_hd__or4bb_4$1 contains 14 device instances.
  Class: sky130_fd_pr__nfet_01v8 instances:   7
  Class: sky130_fd_pr__pfet_01v8_hvt instances:   7
Circuit contains 15 nets.
Contents of circuit 2:  Circuit: 'sky130_fd_sc_hd__or4bb_4'
Circuit sky130_fd_sc_hd__or4bb_4 contains 14 device instances.
  Class: sky130_fd_pr__nfet_01v8 instances:   7
  Class: sky130_fd_pr__pfet_01v8_hvt instances:   7
Circuit contains 15 nets.

Circuit 1 contains 14 devices, Circuit 2 contains 14 devices.
Circuit 1 contains 15 nets,    Circuit 2 contains 15 nets.


Contents of circuit 1:  Circuit: 'sky130_fd_sc_hd__and2_1$1'
Circuit sky130_fd_sc_hd__and2_1$1 contains 6 device instances.
  Class: sky130_fd_pr__nfet_01v8 instances:   3
  Class: sky130_fd_pr__pfet_01v8_hvt instances:   3
Circuit contains 9 nets.
Contents of circuit 2:  Circuit: 'sky130_fd_sc_hd__and2_1'
Circuit sky130_fd_sc_hd__and2_1 contains 6 device instances.
  Class: sky130_fd_pr__nfet_01v8 instances:   3
  Class: sky130_fd_pr__pfet_01v8_hvt instances:   3
Circuit contains 9 nets.

Circuit 1 contains 6 devices, Circuit 2 contains 6 devices.
Circuit 1 contains 9 nets,    Circuit 2 contains 9 nets.


Contents of circuit 1:  Circuit: 'sky130_fd_sc_hd__and4b_4$1'
Circuit sky130_fd_sc_hd__and4b_4$1 contains 12 device instances.
  Class: sky130_fd_pr__nfet_01v8 instances:   6
  Class: sky130_fd_pr__pfet_01v8_hvt instances:   6
Circuit contains 14 nets.
Contents of circuit 2:  Circuit: 'sky130_fd_sc_hd__and4b_4'
Circuit sky130_fd_sc_hd__and4b_4 contains 18 device instances.
  Class: sky130_fd_pr__nfet_01v8 instances:   9
  Class: sky130_fd_pr__pfet_01v8_hvt instances:   9
Circuit contains 14 nets.

Circuit was modified by parallel/series device merging.
New circuit summary:

Contents of circuit 1:  Circuit: 'sky130_fd_sc_hd__and4b_4$1'
Circuit sky130_fd_sc_hd__and4b_4$1 contains 12 device instances.
  Class: sky130_fd_pr__nfet_01v8 instances:   6
  Class: sky130_fd_pr__pfet_01v8_hvt instances:   6
Circuit contains 14 nets.
Contents of circuit 2:  Circuit: 'sky130_fd_sc_hd__and4b_4'
Circuit sky130_fd_sc_hd__and4b_4 contains 12 device instances.
  Class: sky130_fd_pr__nfet_01v8 instances:   6
  Class: sky130_fd_pr__pfet_01v8_hvt instances:   6
Circuit contains 14 nets.

Circuit 1 contains 12 devices, Circuit 2 contains 12 devices.
Circuit 1 contains 14 nets,    Circuit 2 contains 14 nets.


Contents of circuit 1:  Circuit: 'sky130_fd_sc_hd__inv_8$1'
Circuit sky130_fd_sc_hd__inv_8$1 contains 2 device instances.
  Class: sky130_fd_pr__nfet_01v8 instances:   1
  Class: sky130_fd_pr__pfet_01v8_hvt instances:   1
Circuit contains 6 nets.
Contents of circuit 2:  Circuit: 'sky130_fd_sc_hd__inv_8'
Circuit sky130_fd_sc_hd__inv_8 contains 16 device instances.
  Class: sky130_fd_pr__nfet_01v8 instances:   8
  Class: sky130_fd_pr__pfet_01v8_hvt instances:   8
Circuit contains 6 nets.

Circuit was modified by parallel/series device merging.
New circuit summary:

Contents of circuit 1:  Circuit: 'sky130_fd_sc_hd__inv_8$1'
Circuit sky130_fd_sc_hd__inv_8$1 contains 2 device instances.
  Class: sky130_fd_pr__nfet_01v8 instances:   1
  Class: sky130_fd_pr__pfet_01v8_hvt instances:   1
Circuit contains 6 nets.
Contents of circuit 2:  Circuit: 'sky130_fd_sc_hd__inv_8'
Circuit sky130_fd_sc_hd__inv_8 contains 2 device instances.
  Class: sky130_fd_pr__nfet_01v8 instances:   1
  Class: sky130_fd_pr__pfet_01v8_hvt instances:   1
Circuit contains 6 nets.

Circuit 1 contains 2 devices, Circuit 2 contains 2 devices.
Circuit 1 contains 6 nets,    Circuit 2 contains 6 nets.


Contents of circuit 1:  Circuit: 'sky130_fd_sc_hd__clkinv_2$1'
Circuit sky130_fd_sc_hd__clkinv_2$1 contains 2 device instances.
  Class: sky130_fd_pr__nfet_01v8 instances:   1
  Class: sky130_fd_pr__pfet_01v8_hvt instances:   1
Circuit contains 6 nets.
Contents of circuit 2:  Circuit: 'sky130_fd_sc_hd__clkinv_2'
Circuit sky130_fd_sc_hd__clkinv_2 contains 5 device instances.
  Class: sky130_fd_pr__nfet_01v8 instances:   2
  Class: sky130_fd_pr__pfet_01v8_hvt instances:   3
Circuit contains 6 nets.

Circuit was modified by parallel/series device merging.
New circuit summary:

Contents of circuit 1:  Circuit: 'sky130_fd_sc_hd__clkinv_2$1'
Circuit sky130_fd_sc_hd__clkinv_2$1 contains 2 device instances.
  Class: sky130_fd_pr__nfet_01v8 instances:   1
  Class: sky130_fd_pr__pfet_01v8_hvt instances:   1
Circuit contains 6 nets.
Contents of circuit 2:  Circuit: 'sky130_fd_sc_hd__clkinv_2'
Circuit sky130_fd_sc_hd__clkinv_2 contains 2 device instances.
  Class: sky130_fd_pr__nfet_01v8 instances:   1
  Class: sky130_fd_pr__pfet_01v8_hvt instances:   1
Circuit contains 6 nets.

Circuit 1 contains 2 devices, Circuit 2 contains 2 devices.
Circuit 1 contains 6 nets,    Circuit 2 contains 6 nets.


Contents of circuit 1:  Circuit: 'sky130_fd_sc_hd__a21o_1$1'
Circuit sky130_fd_sc_hd__a21o_1$1 contains 8 device instances.
  Class: sky130_fd_pr__nfet_01v8 instances:   4
  Class: sky130_fd_pr__pfet_01v8_hvt instances:   4
Circuit contains 11 nets.
Contents of circuit 2:  Circuit: 'sky130_fd_sc_hd__a21o_1'
Circuit sky130_fd_sc_hd__a21o_1 contains 8 device instances.
  Class: sky130_fd_pr__nfet_01v8 instances:   4
  Class: sky130_fd_pr__pfet_01v8_hvt instances:   4
Circuit contains 11 nets.

Circuit 1 contains 8 devices, Circuit 2 contains 8 devices.
Circuit 1 contains 11 nets,    Circuit 2 contains 11 nets.


Contents of circuit 1:  Circuit: 'sky130_fd_sc_hd__clkinvlp_4$1'
Circuit sky130_fd_sc_hd__clkinvlp_4$1 contains 5 device instances.
  Class: sky130_fd_pr__nfet_01v8 instances:   4
  Class: sky130_fd_pr__pfet_01v8_hvt instances:   1
Circuit contains 8 nets.
Contents of circuit 2:  Circuit: 'sky130_fd_sc_hd__clkinvlp_4'
Circuit sky130_fd_sc_hd__clkinvlp_4 contains 8 device instances.
  Class: sky130_fd_pr__nfet_01v8 instances:   4
  Class: sky130_fd_pr__pfet_01v8_hvt instances:   4
Circuit contains 8 nets.

Circuit was modified by parallel/series device merging.
New circuit summary:

Contents of circuit 1:  Circuit: 'sky130_fd_sc_hd__clkinvlp_4$1'
Circuit sky130_fd_sc_hd__clkinvlp_4$1 contains 5 device instances.
  Class: sky130_fd_pr__nfet_01v8 instances:   4
  Class: sky130_fd_pr__pfet_01v8_hvt instances:   1
Circuit contains 8 nets.
Contents of circuit 2:  Circuit: 'sky130_fd_sc_hd__clkinvlp_4'
Circuit sky130_fd_sc_hd__clkinvlp_4 contains 5 device instances.
  Class: sky130_fd_pr__nfet_01v8 instances:   4
  Class: sky130_fd_pr__pfet_01v8_hvt instances:   1
Circuit contains 8 nets.

Circuit 1 contains 5 devices, Circuit 2 contains 5 devices.
Circuit 1 contains 8 nets,    Circuit 2 contains 8 nets.


Contents of circuit 1:  Circuit: 'sky130_fd_sc_hd__clkbuf_4$1'
Circuit sky130_fd_sc_hd__clkbuf_4$1 contains 4 device instances.
  Class: sky130_fd_pr__nfet_01v8 instances:   2
  Class: sky130_fd_pr__pfet_01v8_hvt instances:   2
Circuit contains 7 nets.
Contents of circuit 2:  Circuit: 'sky130_fd_sc_hd__clkbuf_4'
Circuit sky130_fd_sc_hd__clkbuf_4 contains 10 device instances.
  Class: sky130_fd_pr__nfet_01v8 instances:   5
  Class: sky130_fd_pr__pfet_01v8_hvt instances:   5
Circuit contains 7 nets.

Circuit was modified by parallel/series device merging.
New circuit summary:

Contents of circuit 1:  Circuit: 'sky130_fd_sc_hd__clkbuf_4$1'
Circuit sky130_fd_sc_hd__clkbuf_4$1 contains 4 device instances.
  Class: sky130_fd_pr__nfet_01v8 instances:   2
  Class: sky130_fd_pr__pfet_01v8_hvt instances:   2
Circuit contains 7 nets.
Contents of circuit 2:  Circuit: 'sky130_fd_sc_hd__clkbuf_4'
Circuit sky130_fd_sc_hd__clkbuf_4 contains 4 device instances.
  Class: sky130_fd_pr__nfet_01v8 instances:   2
  Class: sky130_fd_pr__pfet_01v8_hvt instances:   2
Circuit contains 7 nets.

Circuit 1 contains 4 devices, Circuit 2 contains 4 devices.
Circuit 1 contains 7 nets,    Circuit 2 contains 7 nets.


Contents of circuit 1:  Circuit: 'sky130_fd_sc_hd__buf_6$1'
Circuit sky130_fd_sc_hd__buf_6$1 contains 4 device instances.
  Class: sky130_fd_pr__nfet_01v8 instances:   2
  Class: sky130_fd_pr__pfet_01v8_hvt instances:   2
Circuit contains 7 nets.
Contents of circuit 2:  Circuit: 'sky130_fd_sc_hd__buf_6'
Circuit sky130_fd_sc_hd__buf_6 contains 16 device instances.
  Class: sky130_fd_pr__nfet_01v8 instances:   8
  Class: sky130_fd_pr__pfet_01v8_hvt instances:   8
Circuit contains 7 nets.

Circuit was modified by parallel/series device merging.
New circuit summary:

Contents of circuit 1:  Circuit: 'sky130_fd_sc_hd__buf_6$1'
Circuit sky130_fd_sc_hd__buf_6$1 contains 4 device instances.
  Class: sky130_fd_pr__nfet_01v8 instances:   2
  Class: sky130_fd_pr__pfet_01v8_hvt instances:   2
Circuit contains 7 nets.
Contents of circuit 2:  Circuit: 'sky130_fd_sc_hd__buf_6'
Circuit sky130_fd_sc_hd__buf_6 contains 4 device instances.
  Class: sky130_fd_pr__nfet_01v8 instances:   2
  Class: sky130_fd_pr__pfet_01v8_hvt instances:   2
Circuit contains 7 nets.

Circuit 1 contains 4 devices, Circuit 2 contains 4 devices.
Circuit 1 contains 7 nets,    Circuit 2 contains 7 nets.


Contents of circuit 1:  Circuit: 'sky130_fd_sc_hd__dfxtp_2$1'
Circuit sky130_fd_sc_hd__dfxtp_2$1 contains 24 device instances.
  Class: sky130_fd_pr__nfet_01v8 instances:   8
  Class: sky130_fd_pr__pfet_01v8_hvt instances:  12
  Class: sky130_fd_pr__special_nfet_01v8 instances:   4
Circuit contains 18 nets.
Contents of circuit 2:  Circuit: 'sky130_fd_sc_hd__dfxtp_2'
Circuit sky130_fd_sc_hd__dfxtp_2 contains 26 device instances.
  Class: sky130_fd_pr__nfet_01v8 instances:   9
  Class: sky130_fd_pr__pfet_01v8_hvt instances:  13
  Class: sky130_fd_pr__special_nfet_01v8 instances:   4
Circuit contains 18 nets.

Circuit was modified by parallel/series device merging.
New circuit summary:

Contents of circuit 1:  Circuit: 'sky130_fd_sc_hd__dfxtp_2$1'
Circuit sky130_fd_sc_hd__dfxtp_2$1 contains 24 device instances.
  Class: sky130_fd_pr__nfet_01v8 instances:   8
  Class: sky130_fd_pr__pfet_01v8_hvt instances:  12
  Class: sky130_fd_pr__special_nfet_01v8 instances:   4
Circuit contains 18 nets.
Contents of circuit 2:  Circuit: 'sky130_fd_sc_hd__dfxtp_2'
Circuit sky130_fd_sc_hd__dfxtp_2 contains 24 device instances.
  Class: sky130_fd_pr__nfet_01v8 instances:   8
  Class: sky130_fd_pr__pfet_01v8_hvt instances:  12
  Class: sky130_fd_pr__special_nfet_01v8 instances:   4
Circuit contains 18 nets.

Circuit 1 contains 24 devices, Circuit 2 contains 24 devices.
Circuit 1 contains 18 nets,    Circuit 2 contains 18 nets.


Contents of circuit 1:  Circuit: 'sky130_fd_sc_hd__and2_2$1'
Circuit sky130_fd_sc_hd__and2_2$1 contains 6 device instances.
  Class: sky130_fd_pr__nfet_01v8 instances:   3
  Class: sky130_fd_pr__pfet_01v8_hvt instances:   3
Circuit contains 9 nets.
Contents of circuit 2:  Circuit: 'sky130_fd_sc_hd__and2_2'
Circuit sky130_fd_sc_hd__and2_2 contains 8 device instances.
  Class: sky130_fd_pr__nfet_01v8 instances:   4
  Class: sky130_fd_pr__pfet_01v8_hvt instances:   4
Circuit contains 9 nets.

Circuit was modified by parallel/series device merging.
New circuit summary:

Contents of circuit 1:  Circuit: 'sky130_fd_sc_hd__and2_2$1'
Circuit sky130_fd_sc_hd__and2_2$1 contains 6 device instances.
  Class: sky130_fd_pr__nfet_01v8 instances:   3
  Class: sky130_fd_pr__pfet_01v8_hvt instances:   3
Circuit contains 9 nets.
Contents of circuit 2:  Circuit: 'sky130_fd_sc_hd__and2_2'
Circuit sky130_fd_sc_hd__and2_2 contains 6 device instances.
  Class: sky130_fd_pr__nfet_01v8 instances:   3
  Class: sky130_fd_pr__pfet_01v8_hvt instances:   3
Circuit contains 9 nets.

Circuit 1 contains 6 devices, Circuit 2 contains 6 devices.
Circuit 1 contains 9 nets,    Circuit 2 contains 9 nets.


Contents of circuit 1:  Circuit: 'sky130_fd_sc_hd__bufinv_16$1'
Circuit sky130_fd_sc_hd__bufinv_16$1 contains 6 device instances.
  Class: sky130_fd_pr__nfet_01v8 instances:   3
  Class: sky130_fd_pr__pfet_01v8_hvt instances:   3
Circuit contains 8 nets.
Contents of circuit 2:  Circuit: 'sky130_fd_sc_hd__bufinv_16'
Circuit sky130_fd_sc_hd__bufinv_16 contains 50 device instances.
  Class: sky130_fd_pr__nfet_01v8 instances:  25
  Class: sky130_fd_pr__pfet_01v8_hvt instances:  25
Circuit contains 8 nets.

Circuit was modified by parallel/series device merging.
New circuit summary:

Contents of circuit 1:  Circuit: 'sky130_fd_sc_hd__bufinv_16$1'
Circuit sky130_fd_sc_hd__bufinv_16$1 contains 6 device instances.
  Class: sky130_fd_pr__nfet_01v8 instances:   3
  Class: sky130_fd_pr__pfet_01v8_hvt instances:   3
Circuit contains 8 nets.
Contents of circuit 2:  Circuit: 'sky130_fd_sc_hd__bufinv_16'
Circuit sky130_fd_sc_hd__bufinv_16 contains 6 device instances.
  Class: sky130_fd_pr__nfet_01v8 instances:   3
  Class: sky130_fd_pr__pfet_01v8_hvt instances:   3
Circuit contains 8 nets.

Circuit 1 contains 6 devices, Circuit 2 contains 6 devices.
Circuit 1 contains 8 nets,    Circuit 2 contains 8 nets.


Contents of circuit 1:  Circuit: 'sky130_fd_sc_hd__clkinv_4$1'
Circuit sky130_fd_sc_hd__clkinv_4$1 contains 2 device instances.
  Class: sky130_fd_pr__nfet_01v8 instances:   1
  Class: sky130_fd_pr__pfet_01v8_hvt instances:   1
Circuit contains 6 nets.
Contents of circuit 2:  Circuit: 'sky130_fd_sc_hd__clkinv_4'
Circuit sky130_fd_sc_hd__clkinv_4 contains 10 device instances.
  Class: sky130_fd_pr__nfet_01v8 instances:   4
  Class: sky130_fd_pr__pfet_01v8_hvt instances:   6
Circuit contains 6 nets.

Circuit was modified by parallel/series device merging.
New circuit summary:

Contents of circuit 1:  Circuit: 'sky130_fd_sc_hd__clkinv_4$1'
Circuit sky130_fd_sc_hd__clkinv_4$1 contains 2 device instances.
  Class: sky130_fd_pr__nfet_01v8 instances:   1
  Class: sky130_fd_pr__pfet_01v8_hvt instances:   1
Circuit contains 6 nets.
Contents of circuit 2:  Circuit: 'sky130_fd_sc_hd__clkinv_4'
Circuit sky130_fd_sc_hd__clkinv_4 contains 2 device instances.
  Class: sky130_fd_pr__nfet_01v8 instances:   1
  Class: sky130_fd_pr__pfet_01v8_hvt instances:   1
Circuit contains 6 nets.

Circuit 1 contains 2 devices, Circuit 2 contains 2 devices.
Circuit 1 contains 6 nets,    Circuit 2 contains 6 nets.


Contents of circuit 1:  Circuit: 'sky130_fd_sc_hd__buf_8$1'
Circuit sky130_fd_sc_hd__buf_8$1 contains 4 device instances.
  Class: sky130_fd_pr__nfet_01v8 instances:   2
  Class: sky130_fd_pr__pfet_01v8_hvt instances:   2
Circuit contains 7 nets.
Contents of circuit 2:  Circuit: 'sky130_fd_sc_hd__buf_8'
Circuit sky130_fd_sc_hd__buf_8 contains 22 device instances.
  Class: sky130_fd_pr__nfet_01v8 instances:  11
  Class: sky130_fd_pr__pfet_01v8_hvt instances:  11
Circuit contains 7 nets.

Circuit was modified by parallel/series device merging.
New circuit summary:

Contents of circuit 1:  Circuit: 'sky130_fd_sc_hd__buf_8$1'
Circuit sky130_fd_sc_hd__buf_8$1 contains 4 device instances.
  Class: sky130_fd_pr__nfet_01v8 instances:   2
  Class: sky130_fd_pr__pfet_01v8_hvt instances:   2
Circuit contains 7 nets.
Contents of circuit 2:  Circuit: 'sky130_fd_sc_hd__buf_8'
Circuit sky130_fd_sc_hd__buf_8 contains 4 device instances.
  Class: sky130_fd_pr__nfet_01v8 instances:   2
  Class: sky130_fd_pr__pfet_01v8_hvt instances:   2
Circuit contains 7 nets.

Circuit 1 contains 4 devices, Circuit 2 contains 4 devices.
Circuit 1 contains 7 nets,    Circuit 2 contains 7 nets.


Contents of circuit 1:  Circuit: 'sky130_fd_sc_hd__o31a_1$1'
Circuit sky130_fd_sc_hd__o31a_1$1 contains 10 device instances.
  Class: sky130_fd_pr__nfet_01v8 instances:   5
  Class: sky130_fd_pr__pfet_01v8_hvt instances:   5
Circuit contains 13 nets.
Contents of circuit 2:  Circuit: 'sky130_fd_sc_hd__o31a_1'
Circuit sky130_fd_sc_hd__o31a_1 contains 10 device instances.
  Class: sky130_fd_pr__nfet_01v8 instances:   5
  Class: sky130_fd_pr__pfet_01v8_hvt instances:   5
Circuit contains 13 nets.

Circuit 1 contains 10 devices, Circuit 2 contains 10 devices.
Circuit 1 contains 13 nets,    Circuit 2 contains 13 nets.


Contents of circuit 1:  Circuit: 'sky130_fd_sc_hd__o21a_1$1'
Circuit sky130_fd_sc_hd__o21a_1$1 contains 8 device instances.
  Class: sky130_fd_pr__nfet_01v8 instances:   4
  Class: sky130_fd_pr__pfet_01v8_hvt instances:   4
Circuit contains 11 nets.
Contents of circuit 2:  Circuit: 'sky130_fd_sc_hd__o21a_1'
Circuit sky130_fd_sc_hd__o21a_1 contains 8 device instances.
  Class: sky130_fd_pr__nfet_01v8 instances:   4
  Class: sky130_fd_pr__pfet_01v8_hvt instances:   4
Circuit contains 11 nets.

Circuit 1 contains 8 devices, Circuit 2 contains 8 devices.
Circuit 1 contains 11 nets,    Circuit 2 contains 11 nets.


Contents of circuit 1:  Circuit: 'sky130_fd_sc_hd__inv_4$1'
Circuit sky130_fd_sc_hd__inv_4$1 contains 2 device instances.
  Class: sky130_fd_pr__nfet_01v8 instances:   1
  Class: sky130_fd_pr__pfet_01v8_hvt instances:   1
Circuit contains 6 nets.
Contents of circuit 2:  Circuit: 'sky130_fd_sc_hd__inv_4'
Circuit sky130_fd_sc_hd__inv_4 contains 8 device instances.
  Class: sky130_fd_pr__nfet_01v8 instances:   4
  Class: sky130_fd_pr__pfet_01v8_hvt instances:   4
Circuit contains 6 nets.

Circuit was modified by parallel/series device merging.
New circuit summary:

Contents of circuit 1:  Circuit: 'sky130_fd_sc_hd__inv_4$1'
Circuit sky130_fd_sc_hd__inv_4$1 contains 2 device instances.
  Class: sky130_fd_pr__nfet_01v8 instances:   1
  Class: sky130_fd_pr__pfet_01v8_hvt instances:   1
Circuit contains 6 nets.
Contents of circuit 2:  Circuit: 'sky130_fd_sc_hd__inv_4'
Circuit sky130_fd_sc_hd__inv_4 contains 2 device instances.
  Class: sky130_fd_pr__nfet_01v8 instances:   1
  Class: sky130_fd_pr__pfet_01v8_hvt instances:   1
Circuit contains 6 nets.

Circuit 1 contains 2 devices, Circuit 2 contains 2 devices.
Circuit 1 contains 6 nets,    Circuit 2 contains 6 nets.


Contents of circuit 1:  Circuit: 'sky130_fd_sc_hd__inv_6$1'
Circuit sky130_fd_sc_hd__inv_6$1 contains 2 device instances.
  Class: sky130_fd_pr__nfet_01v8 instances:   1
  Class: sky130_fd_pr__pfet_01v8_hvt instances:   1
Circuit contains 6 nets.
Contents of circuit 2:  Circuit: 'sky130_fd_sc_hd__inv_6'
Circuit sky130_fd_sc_hd__inv_6 contains 12 device instances.
  Class: sky130_fd_pr__nfet_01v8 instances:   6
  Class: sky130_fd_pr__pfet_01v8_hvt instances:   6
Circuit contains 6 nets.

Circuit was modified by parallel/series device merging.
New circuit summary:

Contents of circuit 1:  Circuit: 'sky130_fd_sc_hd__inv_6$1'
Circuit sky130_fd_sc_hd__inv_6$1 contains 2 device instances.
  Class: sky130_fd_pr__nfet_01v8 instances:   1
  Class: sky130_fd_pr__pfet_01v8_hvt instances:   1
Circuit contains 6 nets.
Contents of circuit 2:  Circuit: 'sky130_fd_sc_hd__inv_6'
Circuit sky130_fd_sc_hd__inv_6 contains 2 device instances.
  Class: sky130_fd_pr__nfet_01v8 instances:   1
  Class: sky130_fd_pr__pfet_01v8_hvt instances:   1
Circuit contains 6 nets.

Circuit 1 contains 2 devices, Circuit 2 contains 2 devices.
Circuit 1 contains 6 nets,    Circuit 2 contains 6 nets.


Contents of circuit 1:  Circuit: 'sky130_fd_sc_hd__dlymetal6s2s_1$1'
Circuit sky130_fd_sc_hd__dlymetal6s2s_1$1 contains 12 device instances.
  Class: sky130_fd_pr__nfet_01v8 instances:   6
  Class: sky130_fd_pr__pfet_01v8_hvt instances:   6
Circuit contains 11 nets.
Contents of circuit 2:  Circuit: 'sky130_fd_sc_hd__dlymetal6s2s_1'
Circuit sky130_fd_sc_hd__dlymetal6s2s_1 contains 12 device instances.
  Class: sky130_fd_pr__nfet_01v8 instances:   6
  Class: sky130_fd_pr__pfet_01v8_hvt instances:   6
Circuit contains 11 nets.

Circuit 1 contains 12 devices, Circuit 2 contains 12 devices.
Circuit 1 contains 11 nets,    Circuit 2 contains 11 nets.


Contents of circuit 1:  Circuit: 'sky130_fd_sc_hd__clkbuf_16$1'
Circuit sky130_fd_sc_hd__clkbuf_16$1 contains 4 device instances.
  Class: sky130_fd_pr__nfet_01v8 instances:   2
  Class: sky130_fd_pr__pfet_01v8_hvt instances:   2
Circuit contains 7 nets.
Contents of circuit 2:  Circuit: 'sky130_fd_sc_hd__clkbuf_16'
Circuit sky130_fd_sc_hd__clkbuf_16 contains 40 device instances.
  Class: sky130_fd_pr__nfet_01v8 instances:  20
  Class: sky130_fd_pr__pfet_01v8_hvt instances:  20
Circuit contains 7 nets.

Circuit was modified by parallel/series device merging.
New circuit summary:

Contents of circuit 1:  Circuit: 'sky130_fd_sc_hd__clkbuf_16$1'
Circuit sky130_fd_sc_hd__clkbuf_16$1 contains 4 device instances.
  Class: sky130_fd_pr__nfet_01v8 instances:   2
  Class: sky130_fd_pr__pfet_01v8_hvt instances:   2
Circuit contains 7 nets.
Contents of circuit 2:  Circuit: 'sky130_fd_sc_hd__clkbuf_16'
Circuit sky130_fd_sc_hd__clkbuf_16 contains 4 device instances.
  Class: sky130_fd_pr__nfet_01v8 instances:   2
  Class: sky130_fd_pr__pfet_01v8_hvt instances:   2
Circuit contains 7 nets.

Circuit 1 contains 4 devices, Circuit 2 contains 4 devices.
Circuit 1 contains 7 nets,    Circuit 2 contains 7 nets.


Contents of circuit 1:  Circuit: 'sky130_fd_sc_hd__nor4b_4$1'
Circuit sky130_fd_sc_hd__nor4b_4$1 contains 10 device instances.
  Class: sky130_fd_pr__nfet_01v8 instances:   5
  Class: sky130_fd_pr__pfet_01v8_hvt instances:   5
Circuit contains 13 nets.
Contents of circuit 2:  Circuit: 'sky130_fd_sc_hd__nor4b_4'
Circuit sky130_fd_sc_hd__nor4b_4 contains 34 device instances.
  Class: sky130_fd_pr__nfet_01v8 instances:  17
  Class: sky130_fd_pr__pfet_01v8_hvt instances:  17
Circuit contains 13 nets.

Circuit was modified by parallel/series device merging.
New circuit summary:

Contents of circuit 1:  Circuit: 'sky130_fd_sc_hd__nor4b_4$1'
Circuit sky130_fd_sc_hd__nor4b_4$1 contains 10 device instances.
  Class: sky130_fd_pr__nfet_01v8 instances:   5
  Class: sky130_fd_pr__pfet_01v8_hvt instances:   5
Circuit contains 13 nets.
Contents of circuit 2:  Circuit: 'sky130_fd_sc_hd__nor4b_4'
Circuit sky130_fd_sc_hd__nor4b_4 contains 10 device instances.
  Class: sky130_fd_pr__nfet_01v8 instances:   5
  Class: sky130_fd_pr__pfet_01v8_hvt instances:   5
Circuit contains 13 nets.

Circuit 1 contains 10 devices, Circuit 2 contains 10 devices.
Circuit 1 contains 13 nets,    Circuit 2 contains 13 nets.


Contents of circuit 1:  Circuit: 'sky130_fd_sc_hd__conb_1$1'
Circuit sky130_fd_sc_hd__conb_1$1 contains 2 device instances.
  Class: sky130_fd_pr__res_generic_po instances:   2
Circuit contains 4 nets, and 2 disconnected pins.
Contents of circuit 2:  Circuit: 'sky130_fd_sc_hd__conb_1'
Circuit sky130_fd_sc_hd__conb_1 contains 2 device instances.
  Class: sky130_fd_pr__res_generic_po instances:   2
Circuit contains 4 nets, and 2 disconnected pins.

Circuit 1 contains 2 devices, Circuit 2 contains 2 devices.
Circuit 1 contains 4 nets,    Circuit 2 contains 4 nets.


Contents of circuit 1:  Circuit: 'sky130_fd_sc_hd__nor4b_2$1'
Circuit sky130_fd_sc_hd__nor4b_2$1 contains 10 device instances.
  Class: sky130_fd_pr__nfet_01v8 instances:   5
  Class: sky130_fd_pr__pfet_01v8_hvt instances:   5
Circuit contains 13 nets.
Contents of circuit 2:  Circuit: 'sky130_fd_sc_hd__nor4b_2'
Circuit sky130_fd_sc_hd__nor4b_2 contains 18 device instances.
  Class: sky130_fd_pr__nfet_01v8 instances:   9
  Class: sky130_fd_pr__pfet_01v8_hvt instances:   9
Circuit contains 13 nets.

Circuit was modified by parallel/series device merging.
New circuit summary:

Contents of circuit 1:  Circuit: 'sky130_fd_sc_hd__nor4b_2$1'
Circuit sky130_fd_sc_hd__nor4b_2$1 contains 10 device instances.
  Class: sky130_fd_pr__nfet_01v8 instances:   5
  Class: sky130_fd_pr__pfet_01v8_hvt instances:   5
Circuit contains 13 nets.
Contents of circuit 2:  Circuit: 'sky130_fd_sc_hd__nor4b_2'
Circuit sky130_fd_sc_hd__nor4b_2 contains 10 device instances.
  Class: sky130_fd_pr__nfet_01v8 instances:   5
  Class: sky130_fd_pr__pfet_01v8_hvt instances:   5
Circuit contains 13 nets.

Circuit 1 contains 10 devices, Circuit 2 contains 10 devices.
Circuit 1 contains 13 nets,    Circuit 2 contains 13 nets.


Contents of circuit 1:  Circuit: 'sky130_fd_sc_hd__nor4b_1$1'
Circuit sky130_fd_sc_hd__nor4b_1$1 contains 10 device instances.
  Class: sky130_fd_pr__nfet_01v8 instances:   5
  Class: sky130_fd_pr__pfet_01v8_hvt instances:   5
Circuit contains 13 nets.
Contents of circuit 2:  Circuit: 'sky130_fd_sc_hd__nor4b_1'
Circuit sky130_fd_sc_hd__nor4b_1 contains 10 device instances.
  Class: sky130_fd_pr__nfet_01v8 instances:   5
  Class: sky130_fd_pr__pfet_01v8_hvt instances:   5
Circuit contains 13 nets.

Circuit 1 contains 10 devices, Circuit 2 contains 10 devices.
Circuit 1 contains 13 nets,    Circuit 2 contains 13 nets.


Contents of circuit 1:  Circuit: 'sky130_fd_sc_hd__or4_1$1'
Circuit sky130_fd_sc_hd__or4_1$1 contains 10 device instances.
  Class: sky130_fd_pr__nfet_01v8 instances:   5
  Class: sky130_fd_pr__pfet_01v8_hvt instances:   5
Circuit contains 13 nets.
Contents of circuit 2:  Circuit: 'sky130_fd_sc_hd__or4_1'
Circuit sky130_fd_sc_hd__or4_1 contains 10 device instances.
  Class: sky130_fd_pr__nfet_01v8 instances:   5
  Class: sky130_fd_pr__pfet_01v8_hvt instances:   5
Circuit contains 13 nets.

Circuit 1 contains 10 devices, Circuit 2 contains 10 devices.
Circuit 1 contains 13 nets,    Circuit 2 contains 13 nets.


Contents of circuit 1:  Circuit: 'sky130_fd_sc_hd__nand2_4$1'
Circuit sky130_fd_sc_hd__nand2_4$1 contains 4 device instances.
  Class: sky130_fd_pr__nfet_01v8 instances:   2
  Class: sky130_fd_pr__pfet_01v8_hvt instances:   2
Circuit contains 8 nets.
Contents of circuit 2:  Circuit: 'sky130_fd_sc_hd__nand2_4'
Circuit sky130_fd_sc_hd__nand2_4 contains 16 device instances.
  Class: sky130_fd_pr__nfet_01v8 instances:   8
  Class: sky130_fd_pr__pfet_01v8_hvt instances:   8
Circuit contains 8 nets.

Circuit was modified by parallel/series device merging.
New circuit summary:

Contents of circuit 1:  Circuit: 'sky130_fd_sc_hd__nand2_4$1'
Circuit sky130_fd_sc_hd__nand2_4$1 contains 4 device instances.
  Class: sky130_fd_pr__nfet_01v8 instances:   2
  Class: sky130_fd_pr__pfet_01v8_hvt instances:   2
Circuit contains 8 nets.
Contents of circuit 2:  Circuit: 'sky130_fd_sc_hd__nand2_4'
Circuit sky130_fd_sc_hd__nand2_4 contains 4 device instances.
  Class: sky130_fd_pr__nfet_01v8 instances:   2
  Class: sky130_fd_pr__pfet_01v8_hvt instances:   2
Circuit contains 8 nets.

Circuit 1 contains 4 devices, Circuit 2 contains 4 devices.
Circuit 1 contains 8 nets,    Circuit 2 contains 8 nets.


Contents of circuit 1:  Circuit: 'sky130_fd_sc_hd__and4b_1$1'
Circuit sky130_fd_sc_hd__and4b_1$1 contains 12 device instances.
  Class: sky130_fd_pr__nfet_01v8 instances:   6
  Class: sky130_fd_pr__pfet_01v8_hvt instances:   6
Circuit contains 14 nets.
Contents of circuit 2:  Circuit: 'sky130_fd_sc_hd__and4b_1'
Circuit sky130_fd_sc_hd__and4b_1 contains 12 device instances.
  Class: sky130_fd_pr__nfet_01v8 instances:   6
  Class: sky130_fd_pr__pfet_01v8_hvt instances:   6
Circuit contains 14 nets.

Circuit 1 contains 12 devices, Circuit 2 contains 12 devices.
Circuit 1 contains 14 nets,    Circuit 2 contains 14 nets.


Contents of circuit 1:  Circuit: 'sky130_fd_sc_hd__inv_2$1'
Circuit sky130_fd_sc_hd__inv_2$1 contains 2 device instances.
  Class: sky130_fd_pr__nfet_01v8 instances:   1
  Class: sky130_fd_pr__pfet_01v8_hvt instances:   1
Circuit contains 6 nets.
Contents of circuit 2:  Circuit: 'sky130_fd_sc_hd__inv_2'
Circuit sky130_fd_sc_hd__inv_2 contains 4 device instances.
  Class: sky130_fd_pr__nfet_01v8 instances:   2
  Class: sky130_fd_pr__pfet_01v8_hvt instances:   2
Circuit contains 6 nets.

Circuit was modified by parallel/series device merging.
New circuit summary:

Contents of circuit 1:  Circuit: 'sky130_fd_sc_hd__inv_2$1'
Circuit sky130_fd_sc_hd__inv_2$1 contains 2 device instances.
  Class: sky130_fd_pr__nfet_01v8 instances:   1
  Class: sky130_fd_pr__pfet_01v8_hvt instances:   1
Circuit contains 6 nets.
Contents of circuit 2:  Circuit: 'sky130_fd_sc_hd__inv_2'
Circuit sky130_fd_sc_hd__inv_2 contains 2 device instances.
  Class: sky130_fd_pr__nfet_01v8 instances:   1
  Class: sky130_fd_pr__pfet_01v8_hvt instances:   1
Circuit contains 6 nets.

Circuit 1 contains 2 devices, Circuit 2 contains 2 devices.
Circuit 1 contains 6 nets,    Circuit 2 contains 6 nets.


Contents of circuit 1:  Circuit: 'afe_wb'
Circuit afe_wb contains 17447 device instances.
  Class: sky130_fd_sc_hd__or4_1$1 instances:   1
  Class: sky130_fd_sc_hd__or3_1$1 instances:   9
  Class: sky130_fd_sc_hd__and2_2$1 instances:   4
  Class: sky130_fd_sc_hd__or2_1$1 instances: 256
  Class: sky130_fd_sc_hd__inv_8$1 instances:   1
  Class: sky130_fd_sc_hd__dfxtp_2$1 instances:  28
  Class: sky130_fd_sc_hd__a22o_1$1 instances:  96
  Class: sky130_fd_sc_hd__o21a_1$1 instances:   1
  Class: sky130_fd_sc_hd__clkbuf_16$1 instances:   5
  Class: sky130_fd_sc_hd__o211a_1$1 instances: 256
  Class: sky130_fd_sc_hd__clkbuf_8$1 instances:  70
  Class: sky130_fd_sc_hd__nand2_4$1 instances:   1
  Class: sky130_fd_sc_hd__and2_1$1 instances:   4
  Class: sky130_fd_sc_hd__and4b_1$1 instances:   1
  Class: sky130_fd_sc_hd__buf_4$1 instances:  39
  Class: sky130_fd_sc_hd__inv_2$1 instances:   1
  Class: sky130_fd_sc_hd__or4bb_4$1 instances:   1
  Class: sky130_fd_sc_hd__dfxtp_1$1 instances: 252
  Class: sky130_fd_sc_hd__dlygate4sd3_1$1 instances: 212
  Class: sky130_fd_sc_hd__fill_4$1 instances: 1740
  Class: sky130_fd_sc_hd__a21o_1$1 instances:  12
  Class: sky130_fd_sc_hd__nor4b_2$1 instances:   1
  Class: sky130_fd_sc_hd__clkbuf_2$1 instances:  55
  Class: sky130_fd_sc_hd__clkinv_2$1 instances:  10
  Class: sky130_fd_sc_hd__nand2_8$1 instances:   1
  Class: sky130_fd_sc_hd__buf_8$1 instances:   8
  Class: sky130_fd_sc_hd__inv_6$1 instances:   2
  Class: sky130_ef_sc_hd__decap_40_12$1 instances: 6804
  Class: sky130_fd_sc_hd__buf_12$1 instances: 149
  Class: sky130_fd_sc_hd__fill_8$1 instances: 429
  Class: sky130_fd_sc_hd__nor4b_1$1 instances:   1
  Class: sky130_fd_sc_hd__nand2_2$1 instances:   7
  Class: sky130_fd_sc_hd__and4b_4$1 instances:   2
  Class: sky130_fd_sc_hd__decap_3$1 instances: 278
  Class: sky130_fd_sc_hd__buf_2$1 instances:  26
  Class: sky130_fd_sc_hd__conb_1$1 instances:   7
  Class: sky130_fd_sc_hd__o31a_1$1 instances:   1
  Class: sky130_fd_sc_hd__dfxtp_4$1 instances:   9
  Class: sky130_fd_sc_hd__bufinv_16$1 instances:   3
  Class: sky130_fd_sc_hd__o221a_1$1 instances:  31
  Class: sky130_fd_sc_hd__fill_2$1 instances: 2028
  Class: sky130_fd_sc_hd__tapvpwrvgnd_1$1 instances: 2115
  Class: sky130_fd_sc_hd__dlymetal6s2s_1$1 instances:   3
  Class: sky130_fd_sc_hd__a2111o_1$1 instances:  21
  Class: sky130_fd_sc_hd__clkinvlp_4$1 instances:   5
  Class: sky130_fd_sc_hd__a221o_1$1 instances:  22
  Class: sky130_fd_sc_hd__or4_2$1 instances:   1
  Class: sky130_fd_sc_hd__buf_1$1 instances:  33
  Class: sky130_fd_sc_hd__buf_6$1 instances:  21
  Class: sky130_fd_sc_hd__and4bb_4$1 instances:   5
  Class: sky130_fd_sc_hd__inv_4$1 instances:   4
  Class: sky130_fd_sc_hd__fill_1$1 instances: 2316
  Class: sky130_fd_sc_hd__nor4b_4$1 instances:   2
  Class: sky130_fd_sc_hd__clkbuf_4$1 instances:  20
  Class: sky130_fd_sc_hd__diode_2$1 instances:  30
  Class: sky130_fd_sc_hd__clkinv_4$1 instances:   7
Circuit contains 1770 nets, and 32 disconnected pins.
Contents of circuit 2:  Circuit: 'afe_wb'
Circuit afe_wb contains 17447 device instances.
  Class: sky130_fd_sc_hd__bufinv_16 instances:   3
  Class: sky130_fd_sc_hd__a21o_1 instances:  12
  Class: sky130_fd_sc_hd__clkbuf_16 instances:   5
  Class: sky130_fd_sc_hd__dfxtp_1 instances: 252
  Class: sky130_fd_sc_hd__dfxtp_2 instances:  28
  Class: sky130_fd_sc_hd__dfxtp_4 instances:   9
  Class: sky130_fd_sc_hd__or4_1 instances:   1
  Class: sky130_fd_sc_hd__or4_2 instances:   1
  Class: sky130_fd_sc_hd__buf_1 instances:  33
  Class: sky130_fd_sc_hd__buf_2 instances:  26
  Class: sky130_fd_sc_hd__buf_4 instances:  39
  Class: sky130_fd_sc_hd__buf_6 instances:  21
  Class: sky130_fd_sc_hd__buf_8 instances:   8
  Class: sky130_fd_sc_hd__inv_2 instances:   1
  Class: sky130_fd_sc_hd__inv_4 instances:   4
  Class: sky130_fd_sc_hd__inv_6 instances:   2
  Class: sky130_fd_sc_hd__inv_8 instances:   1
  Class: sky130_fd_sc_hd__clkbuf_2 instances:  55
  Class: sky130_fd_sc_hd__clkbuf_4 instances:  20
  Class: sky130_fd_sc_hd__clkbuf_8 instances:  70
  Class: sky130_fd_sc_hd__or3_1 instances:   9
  Class: sky130_fd_sc_hd__conb_1 instances:   7
  Class: sky130_fd_sc_hd__buf_12 instances: 149
  Class: sky130_fd_sc_hd__clkinv_2 instances:  10
  Class: sky130_fd_sc_hd__clkinv_4 instances:   7
  Class: sky130_fd_sc_hd__a2111o_1 instances:  21
  Class: sky130_fd_sc_hd__decap_3 instances: 278
  Class: sky130_fd_sc_hd__dlygate4sd3_1 instances: 212
  Class: sky130_fd_sc_hd__or2_1 instances: 256
  Class: sky130_fd_sc_hd__nand2_2 instances:   7
  Class: sky130_fd_sc_hd__nand2_4 instances:   1
  Class: sky130_fd_sc_hd__nor4b_1 instances:   1
  Class: sky130_fd_sc_hd__nor4b_2 instances:   1
  Class: sky130_fd_sc_hd__nand2_8 instances:   1
  Class: sky130_fd_sc_hd__nor4b_4 instances:   2
  Class: sky130_fd_sc_hd__and2_1 instances:   4
  Class: sky130_fd_sc_hd__and2_2 instances:   4
  Class: sky130_fd_sc_hd__clkinvlp_4 instances:   5
  Class: sky130_fd_sc_hd__o221a_1 instances:  31
  Class: sky130_fd_sc_hd__o211a_1 instances: 256
  Class: sky130_fd_sc_hd__diode_2 instances:  30
  Class: sky130_fd_sc_hd__a221o_1 instances:  22
  Class: sky130_fd_sc_hd__dlymetal6s2s_1 instances:   3
  Class: sky130_fd_sc_hd__or4bb_4 instances:   1
  Class: sky130_fd_sc_hd__a22o_1 instances:  96
  Class: sky130_fd_sc_hd__o31a_1 instances:   1
  Class: sky130_fd_sc_hd__o21a_1 instances:   1
  Class: sky130_fd_sc_hd__and4b_1 instances:   1
  Class: sky130_fd_sc_hd__tapvpwrvgnd_1 instances: 2115
  Class: sky130_fd_sc_hd__and4b_4 instances:   2
  Class: sky130_fd_sc_hd__fill_1 instances: 2316
  Class: sky130_fd_sc_hd__fill_2 instances: 2028
  Class: sky130_fd_sc_hd__fill_4 instances: 1740
  Class: sky130_fd_sc_hd__fill_8 instances: 429
  Class: sky130_ef_sc_hd__decap_40_12 instances: 6804
  Class: sky130_fd_sc_hd__and4bb_4 instances:   5
Circuit contains 1770 nets, and 32 disconnected pins.

Circuit was modified by parallel/series device merging.
New circuit summary:

Contents of circuit 1:  Circuit: 'afe_wb'
Circuit afe_wb contains 1740 device instances.
  Class: sky130_fd_sc_hd__or4_1$1 instances:   1
  Class: sky130_fd_sc_hd__or3_1$1 instances:   9
  Class: sky130_fd_sc_hd__and2_2$1 instances:   4
  Class: sky130_fd_sc_hd__or2_1$1 instances: 256
  Class: sky130_fd_sc_hd__inv_8$1 instances:   1
  Class: sky130_fd_sc_hd__dfxtp_2$1 instances:  28
  Class: sky130_fd_sc_hd__a22o_1$1 instances:  96
  Class: sky130_fd_sc_hd__o21a_1$1 instances:   1
  Class: sky130_fd_sc_hd__clkbuf_16$1 instances:   5
  Class: sky130_fd_sc_hd__o211a_1$1 instances: 256
  Class: sky130_fd_sc_hd__clkbuf_8$1 instances:  70
  Class: sky130_fd_sc_hd__nand2_4$1 instances:   1
  Class: sky130_fd_sc_hd__and2_1$1 instances:   4
  Class: sky130_fd_sc_hd__and4b_1$1 instances:   1
  Class: sky130_fd_sc_hd__buf_4$1 instances:  39
  Class: sky130_fd_sc_hd__inv_2$1 instances:   1
  Class: sky130_fd_sc_hd__or4bb_4$1 instances:   1
  Class: sky130_fd_sc_hd__dfxtp_1$1 instances: 252
  Class: sky130_fd_sc_hd__dlygate4sd3_1$1 instances: 212
  Class: sky130_fd_sc_hd__fill_4$1 instances:   1
  Class: sky130_fd_sc_hd__a21o_1$1 instances:  12
  Class: sky130_fd_sc_hd__nor4b_2$1 instances:   1
  Class: sky130_fd_sc_hd__clkbuf_2$1 instances:  55
  Class: sky130_fd_sc_hd__clkinv_2$1 instances:  10
  Class: sky130_fd_sc_hd__nand2_8$1 instances:   1
  Class: sky130_fd_sc_hd__buf_8$1 instances:   8
  Class: sky130_fd_sc_hd__inv_6$1 instances:   2
  Class: sky130_ef_sc_hd__decap_40_12$1 instances:   1
  Class: sky130_fd_sc_hd__buf_12$1 instances: 149
  Class: sky130_fd_sc_hd__fill_8$1 instances:   1
  Class: sky130_fd_sc_hd__nor4b_1$1 instances:   1
  Class: sky130_fd_sc_hd__nand2_2$1 instances:   7
  Class: sky130_fd_sc_hd__and4b_4$1 instances:   2
  Class: sky130_fd_sc_hd__decap_3$1 instances:   1
  Class: sky130_fd_sc_hd__buf_2$1 instances:  26
  Class: sky130_fd_sc_hd__conb_1$1 instances:   7
  Class: sky130_fd_sc_hd__o31a_1$1 instances:   1
  Class: sky130_fd_sc_hd__dfxtp_4$1 instances:   9
  Class: sky130_fd_sc_hd__bufinv_16$1 instances:   3
  Class: sky130_fd_sc_hd__o221a_1$1 instances:  31
  Class: sky130_fd_sc_hd__fill_2$1 instances:   1
  Class: sky130_fd_sc_hd__tapvpwrvgnd_1$1 instances:   1
  Class: sky130_fd_sc_hd__dlymetal6s2s_1$1 instances:   3
  Class: sky130_fd_sc_hd__a2111o_1$1 instances:  21
  Class: sky130_fd_sc_hd__clkinvlp_4$1 instances:   5
  Class: sky130_fd_sc_hd__a221o_1$1 instances:  22
  Class: sky130_fd_sc_hd__or4_2$1 instances:   1
  Class: sky130_fd_sc_hd__buf_1$1 instances:  33
  Class: sky130_fd_sc_hd__buf_6$1 instances:  21
  Class: sky130_fd_sc_hd__and4bb_4$1 instances:   5
  Class: sky130_fd_sc_hd__inv_4$1 instances:   4
  Class: sky130_fd_sc_hd__fill_1$1 instances:   1
  Class: sky130_fd_sc_hd__nor4b_4$1 instances:   2
  Class: sky130_fd_sc_hd__clkbuf_4$1 instances:  20
  Class: sky130_fd_sc_hd__diode_2$1 instances:  26
  Class: sky130_fd_sc_hd__clkinv_4$1 instances:   7
Circuit contains 1770 nets, and 32 disconnected pins.
Contents of circuit 2:  Circuit: 'afe_wb'
Circuit afe_wb contains 1740 device instances.
  Class: sky130_fd_sc_hd__bufinv_16 instances:   3
  Class: sky130_fd_sc_hd__a21o_1 instances:  12
  Class: sky130_fd_sc_hd__clkbuf_16 instances:   5
  Class: sky130_fd_sc_hd__dfxtp_1 instances: 252
  Class: sky130_fd_sc_hd__dfxtp_2 instances:  28
  Class: sky130_fd_sc_hd__dfxtp_4 instances:   9
  Class: sky130_fd_sc_hd__or4_1 instances:   1
  Class: sky130_fd_sc_hd__or4_2 instances:   1
  Class: sky130_fd_sc_hd__buf_1 instances:  33
  Class: sky130_fd_sc_hd__buf_2 instances:  26
  Class: sky130_fd_sc_hd__buf_4 instances:  39
  Class: sky130_fd_sc_hd__buf_6 instances:  21
  Class: sky130_fd_sc_hd__buf_8 instances:   8
  Class: sky130_fd_sc_hd__inv_2 instances:   1
  Class: sky130_fd_sc_hd__inv_4 instances:   4
  Class: sky130_fd_sc_hd__inv_6 instances:   2
  Class: sky130_fd_sc_hd__inv_8 instances:   1
  Class: sky130_fd_sc_hd__clkbuf_2 instances:  55
  Class: sky130_fd_sc_hd__clkbuf_4 instances:  20
  Class: sky130_fd_sc_hd__clkbuf_8 instances:  70
  Class: sky130_fd_sc_hd__or3_1 instances:   9
  Class: sky130_fd_sc_hd__conb_1 instances:   7
  Class: sky130_fd_sc_hd__buf_12 instances: 149
  Class: sky130_fd_sc_hd__clkinv_2 instances:  10
  Class: sky130_fd_sc_hd__clkinv_4 instances:   7
  Class: sky130_fd_sc_hd__a2111o_1 instances:  21
  Class: sky130_fd_sc_hd__decap_3 instances:   1
  Class: sky130_fd_sc_hd__dlygate4sd3_1 instances: 212
  Class: sky130_fd_sc_hd__or2_1 instances: 256
  Class: sky130_fd_sc_hd__nand2_2 instances:   7
  Class: sky130_fd_sc_hd__nand2_4 instances:   1
  Class: sky130_fd_sc_hd__nor4b_1 instances:   1
  Class: sky130_fd_sc_hd__nor4b_2 instances:   1
  Class: sky130_fd_sc_hd__nand2_8 instances:   1
  Class: sky130_fd_sc_hd__nor4b_4 instances:   2
  Class: sky130_fd_sc_hd__and2_1 instances:   4
  Class: sky130_fd_sc_hd__and2_2 instances:   4
  Class: sky130_fd_sc_hd__clkinvlp_4 instances:   5
  Class: sky130_fd_sc_hd__o221a_1 instances:  31
  Class: sky130_fd_sc_hd__o211a_1 instances: 256
  Class: sky130_fd_sc_hd__diode_2 instances:  26
  Class: sky130_fd_sc_hd__a221o_1 instances:  22
  Class: sky130_fd_sc_hd__dlymetal6s2s_1 instances:   3
  Class: sky130_fd_sc_hd__or4bb_4 instances:   1
  Class: sky130_fd_sc_hd__a22o_1 instances:  96
  Class: sky130_fd_sc_hd__o31a_1 instances:   1
  Class: sky130_fd_sc_hd__o21a_1 instances:   1
  Class: sky130_fd_sc_hd__and4b_1 instances:   1
  Class: sky130_fd_sc_hd__tapvpwrvgnd_1 instances:   1
  Class: sky130_fd_sc_hd__and4b_4 instances:   2
  Class: sky130_fd_sc_hd__fill_1 instances:   1
  Class: sky130_fd_sc_hd__fill_2 instances:   1
  Class: sky130_fd_sc_hd__fill_4 instances:   1
  Class: sky130_fd_sc_hd__fill_8 instances:   1
  Class: sky130_ef_sc_hd__decap_40_12 instances:   1
  Class: sky130_fd_sc_hd__and4bb_4 instances:   5
Circuit contains 1770 nets, and 32 disconnected pins.

Circuit 1 contains 1740 devices, Circuit 2 contains 1740 devices.
Circuit 1 contains 1770 nets,    Circuit 2 contains 1770 nets.

Circuit CF_BUF_HIZ contains no devices.

Contents of circuit 1:  Circuit: 'user_project_wrapper'
Circuit user_project_wrapper contains 2 device instances.
  Class: afe_wb                instances:   1
  Class: CF_BUF_HIZ            instances:   1
Circuit contains 259 nets, and 520 disconnected pins.
Contents of circuit 2:  Circuit: 'user_project_wrapper'
Circuit user_project_wrapper contains 6 device instances.
  Class: CF_BGR                instances:   1
  Class: afe_wb                instances:   1
  Class: CF_REFBUF             instances:   1
  Class: CF_ADC_SAR12          instances:   1
  Class: CF_BUF_HIZ            instances:   1
  Class: CF_ADC_SAR12_sar_refs instances:   1
Circuit contains 280 nets, and 509 disconnected pins.

Circuit 1 contains 2 devices, Circuit 2 contains 6 devices. *** MISMATCH ***
Circuit 1 contains 259 nets,    Circuit 2 contains 280 nets. *** MISMATCH ***


Final result: 
Top level cell failed pin matching.

Logging to file "/tmp/tmpvjn2kage/repo/precheck_results/16_SEP_2026___21_38_25/tmp/lvs.report" disabled
LVS Done.
grep: /tmp/tmpvjn2kage/repo/precheck_results/16_SEP_2026___21_38_25/tmp/abstract.glob: No such file or directory
Notice: LVS completed with these abstracted cells: 
CF_BUF_HIZ is a black box in the source
CF_BUF_HIZ contains no devices

Error: LVS mismatch.
DESIGN NAME: user_project_wrapper
WORK_ROOT   : /tmp/tmpvjn2kage/repo/precheck_results/16_SEP_2026___21_38_25/tmp
LOG_ROOT    : /tmp/tmpvjn2kage/repo/precheck_results/16_SEP_2026___21_38_25/logs
SIGNOFF_ROOT: /tmp/tmpvjn2kage/repo/precheck_results/16_SEP_2026___21_38_25/outputs/reports
 
Running CVC...
Creating /tmp/tmpvjn2kage/repo/precheck_results/16_SEP_2026___21_38_25/tmp/user_project_wrapper.cdl.gz
Default cvcrc in default.cvcrc
CVC: Circuit Validation Check  Version 1.1.7
CVC: Log output to /tmp/tmpvjn2kage/repo/precheck_results/16_SEP_2026___21_38_25/tmp/cvc.log
CVC: Error output to /tmp/tmpvjn2kage/repo/precheck_results/16_SEP_2026___21_38_25/tmp/cvc.error.gz
CVC: Debug output to /tmp/tmpvjn2kage/repo/precheck_results/16_SEP_2026___21_38_25/tmp/cvc.debug.gz
CVC: Start: Wed Sep 16 21:40:05 2026

Using the following parameters for CVC (Circuit Validation Check) from /tmp/tmpvjn2kage/repo/precheck_results/16_SEP_2026___21_38_25/tmp/cvcrc
CVC_TOP = 'user_project_wrapper'
CVC_NETLIST = '/tmp/tmpvjn2kage/repo/precheck_results/16_SEP_2026___21_38_25/tmp/user_project_wrapper.cdl.gz'
CVC_MODE = 'user_project_wrapper'
CVC_MODEL_FILE = '/usr/local/lib/python3.9/site-packages/cf_precheck/be_checks/tech/sky130A/cvc.models'
CVC_POWER_FILE = '/tmp/tmpvjn2kage/repo/precheck_results/16_SEP_2026___21_38_25/tmp/cvc.power.user_project_wrapper'
CVC_FUSE_FILE = ''
CVC_REPORT_FILE = '/tmp/tmpvjn2kage/repo/precheck_results/16_SEP_2026___21_38_25/tmp/cvc.log'
CVC_REPORT_TITLE = 'CVC user_project_wrapper'
CVC_CIRCUIT_ERROR_LIMIT = '100'
CVC_SEARCH_LIMIT = '100'
CVC_LEAK_LIMIT = '0.0002'
CVC_SOI = 'false'
CVC_SCRC = 'false'
CVC_VTH_GATES = 'false'
CVC_MIN_VTH_GATES = 'false'
CVC_IGNORE_VTH_FLOATING = 'false'
CVC_IGNORE_NO_LEAK_FLOATING = 'false'
CVC_LEAK_OVERVOLTAGE = 'true'
CVC_LOGIC_DIODES = 'false'
CVC_ANALOG_GATES = 'true'
CVC_BACKUP_RESULTS = 'false'
CVC_MOS_DIODE_ERROR_THRESHOLD = '0'
CVC_SHORT_ERROR_THRESHOLD = '0'
CVC_BIAS_ERROR_THRESHOLD = '0'
CVC_FORWARD_ERROR_THRESHOLD = '0'
CVC_FLOATING_ERROR_THRESHOLD = '0'
CVC_GATE_ERROR_THRESHOLD = '0'
CVC_LEAK?_ERROR_THRESHOLD = '0'
CVC_EXPECTED_ERROR_THRESHOLD = '0'
CVC_OVERVOLTAGE_ERROR_THRESHOLD = '0'
CVC_PARALLEL_CIRCUIT_PORT_LIMIT = '0'
CVC_CELL_ERROR_LIMIT_FILE = ''
CVC_CELL_CHECKSUM_FILE = ''
CVC_LARGE_CIRCUIT_SIZE = '10000000'
CVC_NET_CHECK_FILE = ''
CVC_MODEL_CHECK_FILE = ''
End of parameters

CVC: Reading device model settings...
CVC: Reading power settings...
CVC: Parsing netlist /tmp/tmpvjn2kage/repo/precheck_results/16_SEP_2026___21_38_25/tmp/user_project_wrapper.cdl.gz

Cdl fixed data size 311651
Usage CDL: Time: 0  Memory: 13268  I/O: 24  Swap: 0
CVC: Counting and linking...
CVC: Assigning IDs ...
Usage DB: Time: 0  Memory: 15116  I/O: 24  Swap: 0
CVC: 17451(17451) instances, 9055(9055) nets, 31097(31097) devices.
Setting power for mode...
Setting models...
CVC: Setting models ...
Setting model tolerances...
CVC: Shorting switches...
 model short...
	Shorted 30 short
 model sky130_fd_pr__res_generic_l1...
	Shorted 0 sky130_fd_pr__res_generic_l1
 model sky130_fd_pr__res_generic_m1...
	Shorted 0 sky130_fd_pr__res_generic_m1
 model sky130_fd_pr__res_generic_m2...
	Shorted 0 sky130_fd_pr__res_generic_m2
 model sky130_fd_pr__res_generic_m3...
	Shorted 0 sky130_fd_pr__res_generic_m3
 model sky130_fd_pr__res_generic_m4...
	Shorted 0 sky130_fd_pr__res_generic_m4
 model sky130_fd_pr__res_generic_m5...
	Shorted 0 sky130_fd_pr__res_generic_m5
Setting instance power...
CVC: Linking devices...

Usage EQUIV: Time: 0  Memory: 18200  I/O: 88  Swap: 0
Power nets 395
CVC: Shorting non conducting resistors...
CVC: Calculating resistor voltages...
Usage RES: Time: 0  Memory: 18200  I/O: 88  Swap: 0
Power nets 395
CVC: Calculating min/max voltages...
Processing trivial nets found 0 trivial nets
CVC: Ignoring invalid calculations...
CVC:   Removed 2847 calculations
Copying master nets
CVC: Ignoring non-conducting devices...
CVC:   Ignored 0 devices
Usage MIN/MAX1: Time: 0  Memory: 18788  I/O: 88  Swap: 0
Power nets 3242
! Checking forward bias diode errors: 

! Checking nmos source/drain vs bias errors: 

! Checking nmos gate vs source errors: 

! Checking pmos source/drain vs bias errors: 

! Checking pmos gate vs source errors: 

Usage ERROR: Time: 0  Memory: 18788  I/O: 88  Swap: 0
Saving min/max voltages...
CVC: Propagating Simulation voltages 1...
Usage SIM1: Time: 0  Memory: 18788  I/O: 88  Swap: 0
Power nets 3242
Saving simulation voltages...
CVC: Propagating Simulation voltages 3...
Usage SIM2: Time: 0  Memory: 18788  I/O: 88  Swap: 0
Power nets 3242
Added 0 latch voltages
CVC: Calculating min/max voltages...
Processing trivial nets found 0 trivial nets
CVC: Ignoring invalid calculations...
CVC:   Removed 0 calculations
Copying master nets
CVC: Ignoring non-conducting devices...
CVC:   Ignored 4188 devices
Usage MIN/MAX2: Time: 0  Memory: 18788  I/O: 88  Swap: 0
Power nets 3242
! Checking overvoltage errors

! Checking nmos possible leak errors: 

! Checking pmos possible leak errors: 

! Checking mos floating input errors:

! Checking expected values:

CVC: Error Counts
CVC: Fuse Problems:         0
CVC: Min Voltage Conflicts: 0
CVC: Max Voltage Conflicts: 0
CVC: Leaks:                 0
CVC: LDD drain->source:     0
CVC: HI-Z Inputs:           26
CVC: Forward Bias Diodes:   0
CVC: NMOS Source vs Bulk:   0
CVC: NMOS Gate vs Source:   0
CVC: NMOS Possible Leaks:   0
CVC: PMOS Source vs Bulk:   0
CVC: PMOS Gate vs Source:   0
CVC: PMOS Possible Leaks:   0
CVC: Overvoltage-VBG:       0
CVC: Overvoltage-VBS:       0
CVC: Overvoltage-VDS:       0
CVC: Overvoltage-VGS:       0
CVC: Model errors:          0
CVC: Unexpected voltage :   28
CVC: Total:                 54
Usage Total: Time: 0  Memory: 19380  I/O: 128  Swap: 0
Virtual net update/access 57796/2611546
CVC: Log output to /tmp/tmpvjn2kage/repo/precheck_results/16_SEP_2026___21_38_25/tmp/cvc.log
CVC: End: Wed Sep 16 21:40:05 2026


LVS result:
Final result: 
Top level cell failed pin matching.

LVS Done.
Notice: LVS completed with these abstracted cells: 
CF_BUF_HIZ is a black box in the source
CF_BUF_HIZ contains no devices
LVS problem: check the following files
/tmp/tmpvjn2kage/repo/precheck_results/16_SEP_2026___21_38_25/logs/ext.log
/tmp/tmpvjn2kage/repo/precheck_results/16_SEP_2026___21_38_25/logs/lvs.log
/tmp/tmpvjn2kage/repo/precheck_results/16_SEP_2026___21_38_25/outputs/reports/lvs.report

CVC result:
CVC: Total:                 54

Runtime: 0:00:30 (hh:mm:ss)

WARNING: possible errors SOFT - LVS 4 CVC 4 OEB -
