
Cell afe_wb (0) disconnected node: adc_data[0]
Cell afe_wb (0) disconnected node: adc_data[10]
Cell afe_wb (0) disconnected node: adc_data[11]
Cell afe_wb (0) disconnected node: adc_data[1]
Cell afe_wb (0) disconnected node: adc_data[2]
Cell afe_wb (0) disconnected node: adc_data[3]
Cell afe_wb (0) disconnected node: adc_data[4]
Cell afe_wb (0) disconnected node: adc_data[5]
Cell afe_wb (0) disconnected node: adc_data[6]
Cell afe_wb (0) disconnected node: adc_data[7]
Cell afe_wb (0) disconnected node: adc_data[8]
Cell afe_wb (0) disconnected node: adc_data[9]
Cell afe_wb (0) disconnected node: adc_eof
Cell afe_wb (0) disconnected node: analog_ctrl[0]
Cell afe_wb (0) disconnected node: analog_ctrl[100]
Cell afe_wb (0) disconnected node: analog_ctrl[101]
Cell afe_wb (0) disconnected node: analog_ctrl[102]
Cell afe_wb (0) disconnected node: analog_ctrl[103]
Cell afe_wb (0) disconnected node: analog_ctrl[104]
Cell afe_wb (0) disconnected node: analog_ctrl[105]
Cell afe_wb (0) disconnected node: analog_ctrl[106]
Cell afe_wb (0) disconnected node: analog_ctrl[107]
Cell afe_wb (0) disconnected node: analog_ctrl[108]
Cell afe_wb (0) disconnected node: analog_ctrl[109]
Cell afe_wb (0) disconnected node: analog_ctrl[10]
Cell afe_wb (0) disconnected node: analog_ctrl[110]
Cell afe_wb (0) disconnected node: analog_ctrl[111]
Cell afe_wb (0) disconnected node: analog_ctrl[112]
Cell afe_wb (0) disconnected node: analog_ctrl[113]
Cell afe_wb (0) disconnected node: analog_ctrl[114]
Cell afe_wb (0) disconnected node: analog_ctrl[115]
Cell afe_wb (0) disconnected node: analog_ctrl[116]
Cell afe_wb (0) disconnected node: analog_ctrl[117]
Cell afe_wb (0) disconnected node: analog_ctrl[118]
Cell afe_wb (0) disconnected node: analog_ctrl[119]
Cell afe_wb (0) disconnected node: analog_ctrl[11]
Cell afe_wb (0) disconnected node: analog_ctrl[120]
Cell afe_wb (0) disconnected node: analog_ctrl[121]
Cell afe_wb (0) disconnected node: analog_ctrl[122]
Cell afe_wb (0) disconnected node: analog_ctrl[12]
Cell afe_wb (0) disconnected node: analog_ctrl[13]
Cell afe_wb (0) disconnected node: analog_ctrl[14]
Cell afe_wb (0) disconnected node: analog_ctrl[15]
Cell afe_wb (0) disconnected node: analog_ctrl[16]
Cell afe_wb (0) disconnected node: analog_ctrl[17]
Cell afe_wb (0) disconnected node: analog_ctrl[18]
Cell afe_wb (0) disconnected node: analog_ctrl[19]
Cell afe_wb (0) disconnected node: analog_ctrl[1]
Cell afe_wb (0) disconnected node: analog_ctrl[20]
Cell afe_wb (0) disconnected node: analog_ctrl[21]
Cell afe_wb (0) disconnected node: analog_ctrl[22]
Cell afe_wb (0) disconnected node: analog_ctrl[23]
Cell afe_wb (0) disconnected node: analog_ctrl[24]
Cell afe_wb (0) disconnected node: analog_ctrl[25]
Cell afe_wb (0) disconnected node: analog_ctrl[26]
Cell afe_wb (0) disconnected node: analog_ctrl[27]
Cell afe_wb (0) disconnected node: analog_ctrl[28]
Cell afe_wb (0) disconnected node: analog_ctrl[29]
Cell afe_wb (0) disconnected node: analog_ctrl[2]
Cell afe_wb (0) disconnected node: analog_ctrl[30]
Cell afe_wb (0) disconnected node: analog_ctrl[31]
Cell afe_wb (0) disconnected node: analog_ctrl[32]
Cell afe_wb (0) disconnected node: analog_ctrl[33]
Cell afe_wb (0) disconnected node: analog_ctrl[34]
Cell afe_wb (0) disconnected node: analog_ctrl[35]
Cell afe_wb (0) disconnected node: analog_ctrl[36]
Cell afe_wb (0) disconnected node: analog_ctrl[37]
Cell afe_wb (0) disconnected node: analog_ctrl[38]
Cell afe_wb (0) disconnected node: analog_ctrl[39]
Cell afe_wb (0) disconnected node: analog_ctrl[3]
Cell afe_wb (0) disconnected node: analog_ctrl[40]
Cell afe_wb (0) disconnected node: analog_ctrl[41]
Cell afe_wb (0) disconnected node: analog_ctrl[42]
Cell afe_wb (0) disconnected node: analog_ctrl[43]
Cell afe_wb (0) disconnected node: analog_ctrl[44]
Cell afe_wb (0) disconnected node: analog_ctrl[45]
Cell afe_wb (0) disconnected node: analog_ctrl[46]
Cell afe_wb (0) disconnected node: analog_ctrl[47]
Cell afe_wb (0) disconnected node: analog_ctrl[48]
Cell afe_wb (0) disconnected node: analog_ctrl[49]
Cell afe_wb (0) disconnected node: analog_ctrl[4]
Cell afe_wb (0) disconnected node: analog_ctrl[50]
Cell afe_wb (0) disconnected node: analog_ctrl[51]
Cell afe_wb (0) disconnected node: analog_ctrl[52]
Cell afe_wb (0) disconnected node: analog_ctrl[53]
Cell afe_wb (0) disconnected node: analog_ctrl[54]
Cell afe_wb (0) disconnected node: analog_ctrl[55]
Cell afe_wb (0) disconnected node: analog_ctrl[56]
Cell afe_wb (0) disconnected node: analog_ctrl[57]
Cell afe_wb (0) disconnected node: analog_ctrl[58]
Cell afe_wb (0) disconnected node: analog_ctrl[59]
Cell afe_wb (0) disconnected node: analog_ctrl[5]
Cell afe_wb (0) disconnected node: analog_ctrl[60]
Cell afe_wb (0) disconnected node: analog_ctrl[61]
Cell afe_wb (0) disconnected node: analog_ctrl[62]
Cell afe_wb (0) disconnected node: analog_ctrl[63]
Cell afe_wb (0) disconnected node: analog_ctrl[64]
Cell afe_wb (0) disconnected node: analog_ctrl[65]
Cell afe_wb (0) disconnected node: analog_ctrl[66]
Cell afe_wb (0) disconnected node: analog_ctrl[67]
Cell afe_wb (0) disconnected node: analog_ctrl[68]
Cell afe_wb (0) disconnected node: analog_ctrl[69]
Cell afe_wb (0) disconnected node: analog_ctrl[6]
Cell afe_wb (0) disconnected node: analog_ctrl[70]
Cell afe_wb (0) disconnected node: analog_ctrl[71]
Cell afe_wb (0) disconnected node: analog_ctrl[72]
Cell afe_wb (0) disconnected node: analog_ctrl[73]
Cell afe_wb (0) disconnected node: analog_ctrl[74]
Cell afe_wb (0) disconnected node: analog_ctrl[75]
Cell afe_wb (0) disconnected node: analog_ctrl[76]
Cell afe_wb (0) disconnected node: analog_ctrl[77]
Cell afe_wb (0) disconnected node: analog_ctrl[78]
Cell afe_wb (0) disconnected node: analog_ctrl[79]
Cell afe_wb (0) disconnected node: analog_ctrl[7]
Cell afe_wb (0) disconnected node: analog_ctrl[80]
Cell afe_wb (0) disconnected node: analog_ctrl[81]
Cell afe_wb (0) disconnected node: analog_ctrl[82]
Cell afe_wb (0) disconnected node: analog_ctrl[83]
Cell afe_wb (0) disconnected node: analog_ctrl[84]
Cell afe_wb (0) disconnected node: analog_ctrl[85]
Cell afe_wb (0) disconnected node: analog_ctrl[86]
Cell afe_wb (0) disconnected node: analog_ctrl[87]
Cell afe_wb (0) disconnected node: analog_ctrl[88]
Cell afe_wb (0) disconnected node: analog_ctrl[89]
Cell afe_wb (0) disconnected node: analog_ctrl[8]
Cell afe_wb (0) disconnected node: analog_ctrl[90]
Cell afe_wb (0) disconnected node: analog_ctrl[91]
Cell afe_wb (0) disconnected node: analog_ctrl[92]
Cell afe_wb (0) disconnected node: analog_ctrl[93]
Cell afe_wb (0) disconnected node: analog_ctrl[94]
Cell afe_wb (0) disconnected node: analog_ctrl[95]
Cell afe_wb (0) disconnected node: analog_ctrl[96]
Cell afe_wb (0) disconnected node: analog_ctrl[97]
Cell afe_wb (0) disconnected node: analog_ctrl[98]
Cell afe_wb (0) disconnected node: analog_ctrl[99]
Cell afe_wb (0) disconnected node: analog_ctrl[9]
Cell afe_wb (0) disconnected node: analog_io_oeb[0]
Cell afe_wb (0) disconnected node: analog_io_oeb[10]
Cell afe_wb (0) disconnected node: analog_io_oeb[11]
Cell afe_wb (0) disconnected node: analog_io_oeb[12]
Cell afe_wb (0) disconnected node: analog_io_oeb[13]
Cell afe_wb (0) disconnected node: analog_io_oeb[14]
Cell afe_wb (0) disconnected node: analog_io_oeb[15]
Cell afe_wb (0) disconnected node: analog_io_oeb[16]
Cell afe_wb (0) disconnected node: analog_io_oeb[17]
Cell afe_wb (0) disconnected node: analog_io_oeb[18]
Cell afe_wb (0) disconnected node: analog_io_oeb[19]
Cell afe_wb (0) disconnected node: analog_io_oeb[1]
Cell afe_wb (0) disconnected node: analog_io_oeb[20]
Cell afe_wb (0) disconnected node: analog_io_oeb[21]
Cell afe_wb (0) disconnected node: analog_io_oeb[22]
Cell afe_wb (0) disconnected node: analog_io_oeb[23]
Cell afe_wb (0) disconnected node: analog_io_oeb[24]
Cell afe_wb (0) disconnected node: analog_io_oeb[25]
Cell afe_wb (0) disconnected node: analog_io_oeb[26]
Cell afe_wb (0) disconnected node: analog_io_oeb[27]
Cell afe_wb (0) disconnected node: analog_io_oeb[2]
Cell afe_wb (0) disconnected node: analog_io_oeb[3]
Cell afe_wb (0) disconnected node: analog_io_oeb[4]
Cell afe_wb (0) disconnected node: analog_io_oeb[5]
Cell afe_wb (0) disconnected node: analog_io_oeb[6]
Cell afe_wb (0) disconnected node: analog_io_oeb[7]
Cell afe_wb (0) disconnected node: analog_io_oeb[8]
Cell afe_wb (0) disconnected node: analog_io_oeb[9]
Cell afe_wb (0) disconnected node: analog_io_out[0]
Cell afe_wb (0) disconnected node: analog_io_out[10]
Cell afe_wb (0) disconnected node: analog_io_out[11]
Cell afe_wb (0) disconnected node: analog_io_out[12]
Cell afe_wb (0) disconnected node: analog_io_out[13]
Cell afe_wb (0) disconnected node: analog_io_out[14]
Cell afe_wb (0) disconnected node: analog_io_out[15]
Cell afe_wb (0) disconnected node: analog_io_out[16]
Cell afe_wb (0) disconnected node: analog_io_out[17]
Cell afe_wb (0) disconnected node: analog_io_out[18]
Cell afe_wb (0) disconnected node: analog_io_out[19]
Cell afe_wb (0) disconnected node: analog_io_out[1]
Cell afe_wb (0) disconnected node: analog_io_out[20]
Cell afe_wb (0) disconnected node: analog_io_out[21]
Cell afe_wb (0) disconnected node: analog_io_out[22]
Cell afe_wb (0) disconnected node: analog_io_out[23]
Cell afe_wb (0) disconnected node: analog_io_out[24]
Cell afe_wb (0) disconnected node: analog_io_out[25]
Cell afe_wb (0) disconnected node: analog_io_out[26]
Cell afe_wb (0) disconnected node: analog_io_out[27]
Cell afe_wb (0) disconnected node: analog_io_out[2]
Cell afe_wb (0) disconnected node: analog_io_out[3]
Cell afe_wb (0) disconnected node: analog_io_out[4]
Cell afe_wb (0) disconnected node: analog_io_out[5]
Cell afe_wb (0) disconnected node: analog_io_out[6]
Cell afe_wb (0) disconnected node: analog_io_out[7]
Cell afe_wb (0) disconnected node: analog_io_out[8]
Cell afe_wb (0) disconnected node: analog_io_out[9]
Cell afe_wb (0) disconnected node: vccd1
Cell afe_wb (0) disconnected node: vssd1
Cell afe_wb (0) disconnected node: wb_clk_i
Cell afe_wb (0) disconnected node: wb_rst_i
Cell afe_wb (0) disconnected node: wbs_ack_o
Cell afe_wb (0) disconnected node: wbs_adr_i[0]
Cell afe_wb (0) disconnected node: wbs_adr_i[10]
Cell afe_wb (0) disconnected node: wbs_adr_i[11]
Cell afe_wb (0) disconnected node: wbs_adr_i[12]
Cell afe_wb (0) disconnected node: wbs_adr_i[13]
Cell afe_wb (0) disconnected node: wbs_adr_i[14]
Cell afe_wb (0) disconnected node: wbs_adr_i[15]
Cell afe_wb (0) disconnected node: wbs_adr_i[16]
Cell afe_wb (0) disconnected node: wbs_adr_i[17]
Cell afe_wb (0) disconnected node: wbs_adr_i[18]
Cell afe_wb (0) disconnected node: wbs_adr_i[19]
Cell afe_wb (0) disconnected node: wbs_adr_i[1]
Cell afe_wb (0) disconnected node: wbs_adr_i[20]
Cell afe_wb (0) disconnected node: wbs_adr_i[21]
Cell afe_wb (0) disconnected node: wbs_adr_i[22]
Cell afe_wb (0) disconnected node: wbs_adr_i[23]
Cell afe_wb (0) disconnected node: wbs_adr_i[24]
Cell afe_wb (0) disconnected node: wbs_adr_i[25]
Cell afe_wb (0) disconnected node: wbs_adr_i[26]
Cell afe_wb (0) disconnected node: wbs_adr_i[27]
Cell afe_wb (0) disconnected node: wbs_adr_i[28]
Cell afe_wb (0) disconnected node: wbs_adr_i[29]
Cell afe_wb (0) disconnected node: wbs_adr_i[2]
Cell afe_wb (0) disconnected node: wbs_adr_i[30]
Cell afe_wb (0) disconnected node: wbs_adr_i[31]
Cell afe_wb (0) disconnected node: wbs_adr_i[3]
Cell afe_wb (0) disconnected node: wbs_adr_i[4]
Cell afe_wb (0) disconnected node: wbs_adr_i[5]
Cell afe_wb (0) disconnected node: wbs_adr_i[6]
Cell afe_wb (0) disconnected node: wbs_adr_i[7]
Cell afe_wb (0) disconnected node: wbs_adr_i[8]
Cell afe_wb (0) disconnected node: wbs_adr_i[9]
Cell afe_wb (0) disconnected node: wbs_cyc_i
Cell afe_wb (0) disconnected node: wbs_dat_i[0]
Cell afe_wb (0) disconnected node: wbs_dat_i[10]
Cell afe_wb (0) disconnected node: wbs_dat_i[11]
Cell afe_wb (0) disconnected node: wbs_dat_i[12]
Cell afe_wb (0) disconnected node: wbs_dat_i[13]
Cell afe_wb (0) disconnected node: wbs_dat_i[14]
Cell afe_wb (0) disconnected node: wbs_dat_i[15]
Cell afe_wb (0) disconnected node: wbs_dat_i[16]
Cell afe_wb (0) disconnected node: wbs_dat_i[17]
Cell afe_wb (0) disconnected node: wbs_dat_i[18]
Cell afe_wb (0) disconnected node: wbs_dat_i[19]
Cell afe_wb (0) disconnected node: wbs_dat_i[1]
Cell afe_wb (0) disconnected node: wbs_dat_i[20]
Cell afe_wb (0) disconnected node: wbs_dat_i[21]
Cell afe_wb (0) disconnected node: wbs_dat_i[22]
Cell afe_wb (0) disconnected node: wbs_dat_i[23]
Cell afe_wb (0) disconnected node: wbs_dat_i[24]
Cell afe_wb (0) disconnected node: wbs_dat_i[25]
Cell afe_wb (0) disconnected node: wbs_dat_i[26]
Cell afe_wb (0) disconnected node: wbs_dat_i[27]
Cell afe_wb (0) disconnected node: wbs_dat_i[28]
Cell afe_wb (0) disconnected node: wbs_dat_i[29]
Cell afe_wb (0) disconnected node: wbs_dat_i[2]
Cell afe_wb (0) disconnected node: wbs_dat_i[30]
Cell afe_wb (0) disconnected node: wbs_dat_i[31]
Cell afe_wb (0) disconnected node: wbs_dat_i[3]
Cell afe_wb (0) disconnected node: wbs_dat_i[4]
Cell afe_wb (0) disconnected node: wbs_dat_i[5]
Cell afe_wb (0) disconnected node: wbs_dat_i[6]
Cell afe_wb (0) disconnected node: wbs_dat_i[7]
Cell afe_wb (0) disconnected node: wbs_dat_i[8]
Cell afe_wb (0) disconnected node: wbs_dat_i[9]
Cell afe_wb (0) disconnected node: wbs_dat_o[0]
Cell afe_wb (0) disconnected node: wbs_dat_o[10]
Cell afe_wb (0) disconnected node: wbs_dat_o[11]
Cell afe_wb (0) disconnected node: wbs_dat_o[12]
Cell afe_wb (0) disconnected node: wbs_dat_o[13]
Cell afe_wb (0) disconnected node: wbs_dat_o[14]
Cell afe_wb (0) disconnected node: wbs_dat_o[15]
Cell afe_wb (0) disconnected node: wbs_dat_o[16]
Cell afe_wb (0) disconnected node: wbs_dat_o[17]
Cell afe_wb (0) disconnected node: wbs_dat_o[18]
Cell afe_wb (0) disconnected node: wbs_dat_o[19]
Cell afe_wb (0) disconnected node: wbs_dat_o[1]
Cell afe_wb (0) disconnected node: wbs_dat_o[20]
Cell afe_wb (0) disconnected node: wbs_dat_o[21]
Cell afe_wb (0) disconnected node: wbs_dat_o[22]
Cell afe_wb (0) disconnected node: wbs_dat_o[23]
Cell afe_wb (0) disconnected node: wbs_dat_o[24]
Cell afe_wb (0) disconnected node: wbs_dat_o[25]
Cell afe_wb (0) disconnected node: wbs_dat_o[26]
Cell afe_wb (0) disconnected node: wbs_dat_o[27]
Cell afe_wb (0) disconnected node: wbs_dat_o[28]
Cell afe_wb (0) disconnected node: wbs_dat_o[29]
Cell afe_wb (0) disconnected node: wbs_dat_o[2]
Cell afe_wb (0) disconnected node: wbs_dat_o[30]
Cell afe_wb (0) disconnected node: wbs_dat_o[31]
Cell afe_wb (0) disconnected node: wbs_dat_o[3]
Cell afe_wb (0) disconnected node: wbs_dat_o[4]
Cell afe_wb (0) disconnected node: wbs_dat_o[5]
Cell afe_wb (0) disconnected node: wbs_dat_o[6]
Cell afe_wb (0) disconnected node: wbs_dat_o[7]
Cell afe_wb (0) disconnected node: wbs_dat_o[8]
Cell afe_wb (0) disconnected node: wbs_dat_o[9]
Cell afe_wb (0) disconnected node: wbs_sel_i[0]
Cell afe_wb (0) disconnected node: wbs_sel_i[1]
Cell afe_wb (0) disconnected node: wbs_sel_i[2]
Cell afe_wb (0) disconnected node: wbs_sel_i[3]
Cell afe_wb (0) disconnected node: wbs_stb_i
Cell afe_wb (0) disconnected node: wbs_we_i

Subcircuit pins:
Circuit 1: afe_wb                          |Circuit 2: afe_wb                          
-------------------------------------------|-------------------------------------------
adc_data[0]                                |adc_data[0]                                
adc_data[10]                               |adc_data[10]                               
adc_data[11]                               |adc_data[11]                               
adc_data[1]                                |adc_data[1]                                
adc_data[2]                                |adc_data[2]                                
adc_data[3]                                |adc_data[3]                                
adc_data[4]                                |adc_data[4]                                
adc_data[5]                                |adc_data[5]                                
adc_data[6]                                |adc_data[6]                                
adc_data[7]                                |adc_data[7]                                
adc_data[8]                                |adc_data[8]                                
adc_data[9]                                |adc_data[9]                                
adc_eof                                    |adc_eof                                    
analog_ctrl[0]                             |analog_ctrl[0]                             
analog_ctrl[100]                           |analog_ctrl[100]                           
analog_ctrl[101]                           |analog_ctrl[101]                           
analog_ctrl[102]                           |analog_ctrl[102]                           
analog_ctrl[103]                           |analog_ctrl[103]                           
analog_ctrl[104]                           |analog_ctrl[104]                           
analog_ctrl[105]                           |analog_ctrl[105]                           
analog_ctrl[106]                           |analog_ctrl[106]                           
analog_ctrl[107]                           |analog_ctrl[107]                           
analog_ctrl[108]                           |analog_ctrl[108]                           
analog_ctrl[109]                           |analog_ctrl[109]                           
analog_ctrl[10]                            |analog_ctrl[10]                            
analog_ctrl[110]                           |analog_ctrl[110]                           
analog_ctrl[111]                           |analog_ctrl[111]                           
analog_ctrl[112]                           |analog_ctrl[112]                           
analog_ctrl[113]                           |analog_ctrl[113]                           
analog_ctrl[114]                           |analog_ctrl[114]                           
analog_ctrl[115]                           |analog_ctrl[115]                           
analog_ctrl[116]                           |analog_ctrl[116]                           
analog_ctrl[117]                           |analog_ctrl[117]                           
analog_ctrl[118]                           |analog_ctrl[118]                           
analog_ctrl[119]                           |analog_ctrl[119]                           
analog_ctrl[11]                            |analog_ctrl[11]                            
analog_ctrl[120]                           |analog_ctrl[120]                           
analog_ctrl[121]                           |analog_ctrl[121]                           
analog_ctrl[122]                           |analog_ctrl[122]                           
analog_ctrl[12]                            |analog_ctrl[12]                            
analog_ctrl[13]                            |analog_ctrl[13]                            
analog_ctrl[14]                            |analog_ctrl[14]                            
analog_ctrl[15]                            |analog_ctrl[15]                            
analog_ctrl[16]                            |analog_ctrl[16]                            
analog_ctrl[17]                            |analog_ctrl[17]                            
analog_ctrl[18]                            |analog_ctrl[18]                            
analog_ctrl[19]                            |analog_ctrl[19]                            
analog_ctrl[1]                             |analog_ctrl[1]                             
analog_ctrl[20]                            |analog_ctrl[20]                            
analog_ctrl[21]                            |analog_ctrl[21]                            
analog_ctrl[22]                            |analog_ctrl[22]                            
analog_ctrl[23]                            |analog_ctrl[23]                            
analog_ctrl[24]                            |analog_ctrl[24]                            
analog_ctrl[25]                            |analog_ctrl[25]                            
analog_ctrl[26]                            |analog_ctrl[26]                            
analog_ctrl[27]                            |analog_ctrl[27]                            
analog_ctrl[28]                            |analog_ctrl[28]                            
analog_ctrl[29]                            |analog_ctrl[29]                            
analog_ctrl[2]                             |analog_ctrl[2]                             
analog_ctrl[30]                            |analog_ctrl[30]                            
analog_ctrl[31]                            |analog_ctrl[31]                            
analog_ctrl[32]                            |analog_ctrl[32]                            
analog_ctrl[33]                            |analog_ctrl[33]                            
analog_ctrl[34]                            |analog_ctrl[34]                            
analog_ctrl[35]                            |analog_ctrl[35]                            
analog_ctrl[36]                            |analog_ctrl[36]                            
analog_ctrl[37]                            |analog_ctrl[37]                            
analog_ctrl[38]                            |analog_ctrl[38]                            
analog_ctrl[39]                            |analog_ctrl[39]                            
analog_ctrl[3]                             |analog_ctrl[3]                             
analog_ctrl[40]                            |analog_ctrl[40]                            
analog_ctrl[41]                            |analog_ctrl[41]                            
analog_ctrl[42]                            |analog_ctrl[42]                            
analog_ctrl[43]                            |analog_ctrl[43]                            
analog_ctrl[44]                            |analog_ctrl[44]                            
analog_ctrl[45]                            |analog_ctrl[45]                            
analog_ctrl[46]                            |analog_ctrl[46]                            
analog_ctrl[47]                            |analog_ctrl[47]                            
analog_ctrl[48]                            |analog_ctrl[48]                            
analog_ctrl[49]                            |analog_ctrl[49]                            
analog_ctrl[4]                             |analog_ctrl[4]                             
analog_ctrl[50]                            |analog_ctrl[50]                            
analog_ctrl[51]                            |analog_ctrl[51]                            
analog_ctrl[52]                            |analog_ctrl[52]                            
analog_ctrl[53]                            |analog_ctrl[53]                            
analog_ctrl[54]                            |analog_ctrl[54]                            
analog_ctrl[55]                            |analog_ctrl[55]                            
analog_ctrl[56]                            |analog_ctrl[56]                            
analog_ctrl[57]                            |analog_ctrl[57]                            
analog_ctrl[58]                            |analog_ctrl[58]                            
analog_ctrl[59]                            |analog_ctrl[59]                            
analog_ctrl[5]                             |analog_ctrl[5]                             
analog_ctrl[60]                            |analog_ctrl[60]                            
analog_ctrl[61]                            |analog_ctrl[61]                            
analog_ctrl[62]                            |analog_ctrl[62]                            
analog_ctrl[63]                            |analog_ctrl[63]                            
analog_ctrl[64]                            |analog_ctrl[64]                            
analog_ctrl[65]                            |analog_ctrl[65]                            
analog_ctrl[66]                            |analog_ctrl[66]                            
analog_ctrl[67]                            |analog_ctrl[67]                            
analog_ctrl[68]                            |analog_ctrl[68]                            
analog_ctrl[69]                            |analog_ctrl[69]                            
analog_ctrl[6]                             |analog_ctrl[6]                             
analog_ctrl[70]                            |analog_ctrl[70]                            
analog_ctrl[71]                            |analog_ctrl[71]                            
analog_ctrl[72]                            |analog_ctrl[72]                            
analog_ctrl[73]                            |analog_ctrl[73]                            
analog_ctrl[74]                            |analog_ctrl[74]                            
analog_ctrl[75]                            |analog_ctrl[75]                            
analog_ctrl[76]                            |analog_ctrl[76]                            
analog_ctrl[77]                            |analog_ctrl[77]                            
analog_ctrl[78]                            |analog_ctrl[78]                            
analog_ctrl[79]                            |analog_ctrl[79]                            
analog_ctrl[7]                             |analog_ctrl[7]                             
analog_ctrl[80]                            |analog_ctrl[80]                            
analog_ctrl[81]                            |analog_ctrl[81]                            
analog_ctrl[82]                            |analog_ctrl[82]                            
analog_ctrl[83]                            |analog_ctrl[83]                            
analog_ctrl[84]                            |analog_ctrl[84]                            
analog_ctrl[85]                            |analog_ctrl[85]                            
analog_ctrl[86]                            |analog_ctrl[86]                            
analog_ctrl[87]                            |analog_ctrl[87]                            
analog_ctrl[88]                            |analog_ctrl[88]                            
analog_ctrl[89]                            |analog_ctrl[89]                            
analog_ctrl[8]                             |analog_ctrl[8]                             
analog_ctrl[90]                            |analog_ctrl[90]                            
analog_ctrl[91]                            |analog_ctrl[91]                            
analog_ctrl[92]                            |analog_ctrl[92]                            
analog_ctrl[93]                            |analog_ctrl[93]                            
analog_ctrl[94]                            |analog_ctrl[94]                            
analog_ctrl[95]                            |analog_ctrl[95]                            
analog_ctrl[96]                            |analog_ctrl[96]                            
analog_ctrl[97]                            |analog_ctrl[97]                            
analog_ctrl[98]                            |analog_ctrl[98]                            
analog_ctrl[99]                            |analog_ctrl[99]                            
analog_ctrl[9]                             |analog_ctrl[9]                             
analog_io_oeb[0]                           |analog_io_oeb[0]                           
analog_io_oeb[10]                          |analog_io_oeb[10]                          
analog_io_oeb[11]                          |analog_io_oeb[11]                          
analog_io_oeb[12]                          |analog_io_oeb[12]                          
analog_io_oeb[13]                          |analog_io_oeb[13]                          
analog_io_oeb[14]                          |analog_io_oeb[14]                          
analog_io_oeb[15]                          |analog_io_oeb[15]                          
analog_io_oeb[16]                          |analog_io_oeb[16]                          
analog_io_oeb[17]                          |analog_io_oeb[17]                          
analog_io_oeb[18]                          |analog_io_oeb[18]                          
analog_io_oeb[19]                          |analog_io_oeb[19]                          
analog_io_oeb[1]                           |analog_io_oeb[1]                           
analog_io_oeb[20]                          |analog_io_oeb[20]                          
analog_io_oeb[21]                          |analog_io_oeb[21]                          
analog_io_oeb[22]                          |analog_io_oeb[22]                          
analog_io_oeb[23]                          |analog_io_oeb[23]                          
analog_io_oeb[24]                          |analog_io_oeb[24]                          
analog_io_oeb[25]                          |analog_io_oeb[25]                          
analog_io_oeb[26]                          |analog_io_oeb[26]                          
analog_io_oeb[27]                          |analog_io_oeb[27]                          
analog_io_oeb[2]                           |analog_io_oeb[2]                           
analog_io_oeb[3]                           |analog_io_oeb[3]                           
analog_io_oeb[4]                           |analog_io_oeb[4]                           
analog_io_oeb[5]                           |analog_io_oeb[5]                           
analog_io_oeb[6]                           |analog_io_oeb[6]                           
analog_io_oeb[7]                           |analog_io_oeb[7]                           
analog_io_oeb[8]                           |analog_io_oeb[8]                           
analog_io_oeb[9]                           |analog_io_oeb[9]                           
analog_io_out[0]                           |analog_io_out[0]                           
analog_io_out[10]                          |analog_io_out[10]                          
analog_io_out[11]                          |analog_io_out[11]                          
analog_io_out[12]                          |analog_io_out[12]                          
analog_io_out[13]                          |analog_io_out[13]                          
analog_io_out[14]                          |analog_io_out[14]                          
analog_io_out[15]                          |analog_io_out[15]                          
analog_io_out[16]                          |analog_io_out[16]                          
analog_io_out[17]                          |analog_io_out[17]                          
analog_io_out[18]                          |analog_io_out[18]                          
analog_io_out[19]                          |analog_io_out[19]                          
analog_io_out[1]                           |analog_io_out[1]                           
analog_io_out[20]                          |analog_io_out[20]                          
analog_io_out[21]                          |analog_io_out[21]                          
analog_io_out[22]                          |analog_io_out[22]                          
analog_io_out[23]                          |analog_io_out[23]                          
analog_io_out[24]                          |analog_io_out[24]                          
analog_io_out[25]                          |analog_io_out[25]                          
analog_io_out[26]                          |analog_io_out[26]                          
analog_io_out[27]                          |analog_io_out[27]                          
analog_io_out[2]                           |analog_io_out[2]                           
analog_io_out[3]                           |analog_io_out[3]                           
analog_io_out[4]                           |analog_io_out[4]                           
analog_io_out[5]                           |analog_io_out[5]                           
analog_io_out[6]                           |analog_io_out[6]                           
analog_io_out[7]                           |analog_io_out[7]                           
analog_io_out[8]                           |analog_io_out[8]                           
analog_io_out[9]                           |analog_io_out[9]                           
vccd1                                      |vccd1                                      
vssd1                                      |vssd1                                      
wb_clk_i                                   |wb_clk_i                                   
wb_rst_i                                   |wb_rst_i                                   
wbs_ack_o                                  |wbs_ack_o                                  
wbs_adr_i[0]                               |wbs_adr_i[0]                               
wbs_adr_i[10]                              |wbs_adr_i[10]                              
wbs_adr_i[11]                              |wbs_adr_i[11]                              
wbs_adr_i[12]                              |wbs_adr_i[12]                              
wbs_adr_i[13]                              |wbs_adr_i[13]                              
wbs_adr_i[14]                              |wbs_adr_i[14]                              
wbs_adr_i[15]                              |wbs_adr_i[15]                              
wbs_adr_i[16]                              |wbs_adr_i[16]                              
wbs_adr_i[17]                              |wbs_adr_i[17]                              
wbs_adr_i[18]                              |wbs_adr_i[18]                              
wbs_adr_i[19]                              |wbs_adr_i[19]                              
wbs_adr_i[1]                               |wbs_adr_i[1]                               
wbs_adr_i[20]                              |wbs_adr_i[20]                              
wbs_adr_i[21]                              |wbs_adr_i[21]                              
wbs_adr_i[22]                              |wbs_adr_i[22]                              
wbs_adr_i[23]                              |wbs_adr_i[23]                              
wbs_adr_i[24]                              |wbs_adr_i[24]                              
wbs_adr_i[25]                              |wbs_adr_i[25]                              
wbs_adr_i[26]                              |wbs_adr_i[26]                              
wbs_adr_i[27]                              |wbs_adr_i[27]                              
wbs_adr_i[28]                              |wbs_adr_i[28]                              
wbs_adr_i[29]                              |wbs_adr_i[29]                              
wbs_adr_i[2]                               |wbs_adr_i[2]                               
wbs_adr_i[30]                              |wbs_adr_i[30]                              
wbs_adr_i[31]                              |wbs_adr_i[31]                              
wbs_adr_i[3]                               |wbs_adr_i[3]                               
wbs_adr_i[4]                               |wbs_adr_i[4]                               
wbs_adr_i[5]                               |wbs_adr_i[5]                               
wbs_adr_i[6]                               |wbs_adr_i[6]                               
wbs_adr_i[7]                               |wbs_adr_i[7]                               
wbs_adr_i[8]                               |wbs_adr_i[8]                               
wbs_adr_i[9]                               |wbs_adr_i[9]                               
wbs_cyc_i                                  |wbs_cyc_i                                  
wbs_dat_i[0]                               |wbs_dat_i[0]                               
wbs_dat_i[10]                              |wbs_dat_i[10]                              
wbs_dat_i[11]                              |wbs_dat_i[11]                              
wbs_dat_i[12]                              |wbs_dat_i[12]                              
wbs_dat_i[13]                              |wbs_dat_i[13]                              
wbs_dat_i[14]                              |wbs_dat_i[14]                              
wbs_dat_i[15]                              |wbs_dat_i[15]                              
wbs_dat_i[16]                              |wbs_dat_i[16]                              
wbs_dat_i[17]                              |wbs_dat_i[17]                              
wbs_dat_i[18]                              |wbs_dat_i[18]                              
wbs_dat_i[19]                              |wbs_dat_i[19]                              
wbs_dat_i[1]                               |wbs_dat_i[1]                               
wbs_dat_i[20]                              |wbs_dat_i[20]                              
wbs_dat_i[21]                              |wbs_dat_i[21]                              
wbs_dat_i[22]                              |wbs_dat_i[22]                              
wbs_dat_i[23]                              |wbs_dat_i[23]                              
wbs_dat_i[24]                              |wbs_dat_i[24]                              
wbs_dat_i[25]                              |wbs_dat_i[25]                              
wbs_dat_i[26]                              |wbs_dat_i[26]                              
wbs_dat_i[27]                              |wbs_dat_i[27]                              
wbs_dat_i[28]                              |wbs_dat_i[28]                              
wbs_dat_i[29]                              |wbs_dat_i[29]                              
wbs_dat_i[2]                               |wbs_dat_i[2]                               
wbs_dat_i[30]                              |wbs_dat_i[30]                              
wbs_dat_i[31]                              |wbs_dat_i[31]                              
wbs_dat_i[3]                               |wbs_dat_i[3]                               
wbs_dat_i[4]                               |wbs_dat_i[4]                               
wbs_dat_i[5]                               |wbs_dat_i[5]                               
wbs_dat_i[6]                               |wbs_dat_i[6]                               
wbs_dat_i[7]                               |wbs_dat_i[7]                               
wbs_dat_i[8]                               |wbs_dat_i[8]                               
wbs_dat_i[9]                               |wbs_dat_i[9]                               
wbs_dat_o[0]                               |wbs_dat_o[0]                               
wbs_dat_o[10]                              |wbs_dat_o[10]                              
wbs_dat_o[11]                              |wbs_dat_o[11]                              
wbs_dat_o[12]                              |wbs_dat_o[12]                              
wbs_dat_o[13]                              |wbs_dat_o[13]                              
wbs_dat_o[14]                              |wbs_dat_o[14]                              
wbs_dat_o[15]                              |wbs_dat_o[15]                              
wbs_dat_o[16]                              |wbs_dat_o[16]                              
wbs_dat_o[17]                              |wbs_dat_o[17]                              
wbs_dat_o[18]                              |wbs_dat_o[18]                              
wbs_dat_o[19]                              |wbs_dat_o[19]                              
wbs_dat_o[1]                               |wbs_dat_o[1]                               
wbs_dat_o[20]                              |wbs_dat_o[20]                              
wbs_dat_o[21]                              |wbs_dat_o[21]                              
wbs_dat_o[22]                              |wbs_dat_o[22]                              
wbs_dat_o[23]                              |wbs_dat_o[23]                              
wbs_dat_o[24]                              |wbs_dat_o[24]                              
wbs_dat_o[25]                              |wbs_dat_o[25]                              
wbs_dat_o[26]                              |wbs_dat_o[26]                              
wbs_dat_o[27]                              |wbs_dat_o[27]                              
wbs_dat_o[28]                              |wbs_dat_o[28]                              
wbs_dat_o[29]                              |wbs_dat_o[29]                              
wbs_dat_o[2]                               |wbs_dat_o[2]                               
wbs_dat_o[30]                              |wbs_dat_o[30]                              
wbs_dat_o[31]                              |wbs_dat_o[31]                              
wbs_dat_o[3]                               |wbs_dat_o[3]                               
wbs_dat_o[4]                               |wbs_dat_o[4]                               
wbs_dat_o[5]                               |wbs_dat_o[5]                               
wbs_dat_o[6]                               |wbs_dat_o[6]                               
wbs_dat_o[7]                               |wbs_dat_o[7]                               
wbs_dat_o[8]                               |wbs_dat_o[8]                               
wbs_dat_o[9]                               |wbs_dat_o[9]                               
wbs_sel_i[0]                               |wbs_sel_i[0]                               
wbs_sel_i[1]                               |wbs_sel_i[1]                               
wbs_sel_i[2]                               |wbs_sel_i[2]                               
wbs_sel_i[3]                               |wbs_sel_i[3]                               
wbs_stb_i                                  |wbs_stb_i                                  
wbs_we_i                                   |wbs_we_i                                   
---------------------------------------------------------------------------------------
Cell pin lists are equivalent.
Device classes afe_wb and afe_wb are equivalent.

Cell CF_ADC_SAR12 (0) disconnected node: en_pump_lv
Cell CF_ADC_SAR12 (0) disconnected node: sample_width[1]
Cell CF_ADC_SAR12 (0) disconnected node: sample_width[3]
Cell CF_ADC_SAR12 (0) disconnected node: sample_width[4]
Cell CF_ADC_SAR12 (0) disconnected node: sample_width[5]
Cell CF_ADC_SAR12 (0) disconnected node: sample_width[6]
Cell CF_ADC_SAR12 (0) disconnected node: sample_width[7]
Cell CF_ADC_SAR12 (0) disconnected node: sample_width[8]
Cell CF_ADC_SAR12 (0) disconnected node: sample_width[9]
Cell CF_ADC_SAR12 (0) disconnected node: vreflo
Cell CF_ADC_SAR12 (0) disconnected node: resolution[0]
Cell CF_ADC_SAR12 (0) disconnected node: resolution[1]
Cell CF_ADC_SAR12 (0) disconnected node: scan_test_mode
Cell CF_ADC_SAR12 (0) disconnected node: test_scanin
Cell CF_ADC_SAR12 (0) disconnected node: test_scanen
Cell CF_ADC_SAR12 (0) disconnected node: test_scanout
Cell CF_ADC_SAR12 (0) disconnected node: en_csel_dft
Cell CF_ADC_SAR12 (0) disconnected node: sel_csel_dft[0]
Cell CF_ADC_SAR12 (0) disconnected node: sel_csel_dft[2]
Cell CF_ADC_SAR12 (0) disconnected node: sel_csel_dft[3]
Cell CF_ADC_SAR12 (0) disconnected node: hiz
Cell CF_ADC_SAR12 (0) disconnected node: sof
Cell CF_ADC_SAR12 (0) disconnected node: test_sea
Cell CF_ADC_SAR12 (0) disconnected node: reset_n
Cell CF_ADC_SAR12 (0) disconnected node: eof
Cell CF_ADC_SAR12 (0) disconnected node: data_out[0]
Cell CF_ADC_SAR12 (0) disconnected node: data_out[3]
Cell CF_ADC_SAR12 (0) disconnected node: data_out[4]
Cell CF_ADC_SAR12 (0) disconnected node: data_out[5]
Cell CF_ADC_SAR12 (0) disconnected node: data_out[6]
Cell CF_ADC_SAR12 (0) disconnected node: data_out[10]
Cell CF_ADC_SAR12 (0) disconnected node: data_out[11]
Cell CF_ADC_SAR12 (0) disconnected node: iso_en
Cell CF_ADC_SAR12 (0) disconnected node: next
Cell CF_ADC_SAR12 (0) disconnected node: sample_width[0]
Cell CF_ADC_SAR12 (0) disconnected node: vinp
Cell CF_ADC_SAR12 (0) disconnected node: vinm
Cell CF_ADC_SAR12 (0) disconnected node: vrefhi
Cell CF_ADC_SAR12 (0) disconnected node: vssa_q
Cell CF_ADC_SAR12 (0) disconnected node: dft_inp
Cell CF_ADC_SAR12 (0) disconnected node: dft_inm
Cell CF_ADC_SAR12 (0) disconnected node: dft_op
Cell CF_ADC_SAR12 (0) disconnected node: dft_om
Cell CF_ADC_SAR12 (0) disconnected node: trimunit
Cell CF_ADC_SAR12 (0) disconnected node: vpwr_lv_int
Cell CF_ADC_SAR12 (0) disconnected node: vdda
Cell CF_ADC_SAR12 (0) disconnected node: sel_csel_dft[1]
Cell CF_ADC_SAR12 (0) disconnected node: data_out[9]
Cell CF_ADC_SAR12 (0) disconnected node: data_out[7]
Cell CF_ADC_SAR12 (0) disconnected node: data_out[8]
Cell CF_ADC_SAR12 (0) disconnected node: vdda_q
Cell CF_ADC_SAR12 (0) disconnected node: vgnd
Cell CF_ADC_SAR12 (0) disconnected node: VPUMP
Cell CF_ADC_SAR12 (0) disconnected node: vboost
Cell CF_ADC_SAR12 (0) disconnected node: vssa
Cell CF_ADC_SAR12 (0) disconnected node: refby2
Cell CF_ADC_SAR12 (0) disconnected node: cap_trim[2]
Cell CF_ADC_SAR12 (0) disconnected node: cap_trim[1]
Cell CF_ADC_SAR12 (0) disconnected node: pumpclk
Cell CF_ADC_SAR12 (0) disconnected node: dft_enc
Cell CF_ADC_SAR12 (0) disconnected node: cap_trim[0]
Cell CF_ADC_SAR12 (0) disconnected node: pd
Cell CF_ADC_SAR12 (0) disconnected node: pd_ana
Cell CF_ADC_SAR12 (0) disconnected node: refclk
Cell CF_ADC_SAR12 (0) disconnected node: dft_inc[3]
Cell CF_ADC_SAR12 (0) disconnected node: dft_inc[2]
Cell CF_ADC_SAR12 (0) disconnected node: dft_inc[1]
Cell CF_ADC_SAR12 (0) disconnected node: dft_inc[0]
Cell CF_ADC_SAR12 (0) disconnected node: dft_outc[2]
Cell CF_ADC_SAR12 (0) disconnected node: dft_outc[1]
Cell CF_ADC_SAR12 (0) disconnected node: vccd_q
Cell CF_ADC_SAR12 (0) disconnected node: sample_width[2]
Cell CF_ADC_SAR12 (0) disconnected node: vpwr_int
Cell CF_ADC_SAR12 (0) disconnected node: vpwr
Cell CF_ADC_SAR12 (0) disconnected node: vpwrd_int
Cell CF_ADC_SAR12 (0) disconnected node: icont_lv[1]
Cell CF_ADC_SAR12 (0) disconnected node: vsub_vic
Cell CF_ADC_SAR12 (0) disconnected node: vsub_agr
Cell CF_ADC_SAR12 (0) disconnected node: icont_lv[0]
Cell CF_ADC_SAR12 (0) disconnected node: dly_inc
Cell CF_ADC_SAR12 (0) disconnected node: dcen
Cell CF_ADC_SAR12 (0) disconnected node: ibiasin
Cell CF_ADC_SAR12 (0) disconnected node: ibias2p5u
Cell CF_ADC_SAR12 (0) disconnected node: ibias2p5u_out
Cell CF_ADC_SAR12 (0) disconnected node: ibias2p5u_1
Cell CF_ADC_SAR12 (0) disconnected node: dft_outc[0]
Cell CF_ADC_SAR12 (0) disconnected node: enable_hv
Cell CF_ADC_SAR12 (0) disconnected node: data_out[2]
Cell CF_ADC_SAR12 (0) disconnected node: data_out[1]

Subcircuit pins:
Circuit 1: CF_ADC_SAR12                    |Circuit 2: CF_ADC_SAR12                    
-------------------------------------------|-------------------------------------------
en_pump_lv                                 |en_pump_lv                                 
sample_width[1]                            |sample_width[1]                            
sample_width[3]                            |sample_width[3]                            
sample_width[4]                            |sample_width[4]                            
sample_width[5]                            |sample_width[5]                            
sample_width[6]                            |sample_width[6]                            
sample_width[7]                            |sample_width[7]                            
sample_width[8]                            |sample_width[8]                            
sample_width[9]                            |sample_width[9]                            
vreflo                                     |vreflo                                     
resolution[0]                              |resolution[0]                              
resolution[1]                              |resolution[1]                              
scan_test_mode                             |scan_test_mode                             
test_scanin                                |test_scanin                                
test_scanen                                |test_scanen                                
sel_csel_dft[0]                            |sel_csel_dft[0]                            
sel_csel_dft[2]                            |sel_csel_dft[2]                            
sel_csel_dft[3]                            |sel_csel_dft[3]                            
hiz                                        |hiz                                        
sof                                        |sof                                        
test_sea                                   |test_sea                                   
reset_n                                    |reset_n                                    
eof                                        |eof                                        
data_out[0]                                |data_out[0]                                
data_out[3]                                |data_out[3]                                
data_out[4]                                |data_out[4]                                
data_out[5]                                |data_out[5]                                
data_out[6]                                |data_out[6]                                
data_out[10]                               |data_out[10]                               
data_out[11]                               |data_out[11]                               
iso_en                                     |iso_en                                     
next                                       |next                                       
sample_width[0]                            |sample_width[0]                            
vinp                                       |vinp                                       
vinm                                       |vinm                                       
vrefhi                                     |vrefhi                                     
trimunit                                   |trimunit                                   
vdda                                       |vdda                                       
sel_csel_dft[1]                            |sel_csel_dft[1]                            
data_out[9]                                |data_out[9]                                
data_out[7]                                |data_out[7]                                
data_out[8]                                |data_out[8]                                
vgnd                                       |vgnd                                       
VPUMP                                      |VPUMP                                      
vssa                                       |vssa                                       
refby2                                     |refby2                                     
cap_trim[2]                                |cap_trim[2]                                
cap_trim[1]                                |cap_trim[1]                                
pumpclk                                    |pumpclk                                    
cap_trim[0]                                |cap_trim[0]                                
pd                                         |pd                                         
pd_ana                                     |pd_ana                                     
refclk                                     |refclk                                     
dft_inc[3]                                 |dft_inc[3]                                 
dft_inc[2]                                 |dft_inc[2]                                 
dft_inc[1]                                 |dft_inc[1]                                 
dft_inc[0]                                 |dft_inc[0]                                 
dft_outc[2]                                |dft_outc[2]                                
dft_outc[1]                                |dft_outc[1]                                
sample_width[2]                            |sample_width[2]                            
vpwr                                       |vpwr                                       
icont_lv[1]                                |icont_lv[1]                                
icont_lv[0]                                |icont_lv[0]                                
dly_inc                                    |dly_inc                                    
dcen                                       |dcen                                       
ibias2p5u                                  |ibias2p5u                                  
ibias2p5u_1                                |ibias2p5u_1                                
dft_outc[0]                                |dft_outc[0]                                
enable_hv                                  |enable_hv                                  
data_out[2]                                |data_out[2]                                
data_out[1]                                |data_out[1]                                
test_scanout                               |(no matching pin)                          
en_csel_dft                                |(no matching pin)                          
vssa_q                                     |(no matching pin)                          
dft_inp                                    |(no matching pin)                          
dft_inm                                    |(no matching pin)                          
dft_op                                     |(no matching pin)                          
dft_om                                     |(no matching pin)                          
vpwr_lv_int                                |(no matching pin)                          
vdda_q                                     |(no matching pin)                          
vboost                                     |(no matching pin)                          
dft_enc                                    |(no matching pin)                          
vccd_q                                     |(no matching pin)                          
vpwr_int                                   |(no matching pin)                          
vpwrd_int                                  |(no matching pin)                          
vsub_vic                                   |(no matching pin)                          
vsub_agr                                   |(no matching pin)                          
ibiasin                                    |(no matching pin)                          
ibias2p5u_out                              |(no matching pin)                          
---------------------------------------------------------------------------------------
Cell pin lists are equivalent.
Device classes CF_ADC_SAR12 and CF_ADC_SAR12 are equivalent.

Cell CF_REFBUF (0) disconnected node: nbias
Cell CF_REFBUF (0) disconnected node: out
Cell CF_REFBUF (0) disconnected node: switchoff
Cell CF_REFBUF (0) disconnected node: ref_1v2
Cell CF_REFBUF (0) disconnected node: vgnd
Cell CF_REFBUF (0) disconnected node: pd
Cell CF_REFBUF (0) disconnected node: ng
Cell CF_REFBUF (0) disconnected node: switchon
Cell CF_REFBUF (0) disconnected node: ch_cont
Cell CF_REFBUF (0) disconnected node: boost
Cell CF_REFBUF (0) disconnected node: vpwre
Cell CF_REFBUF (0) disconnected node: ch2
Cell CF_REFBUF (0) disconnected node: vpwr
Cell CF_REFBUF (0) disconnected node: ch1

Subcircuit pins:
Circuit 1: CF_REFBUF                       |Circuit 2: CF_REFBUF                       
-------------------------------------------|-------------------------------------------
nbias                                      |nbias                                      
out                                        |out                                        
ref_1v2                                    |ref_1v2                                    
vgnd                                       |vgnd                                       
pd                                         |pd                                         
ng                                         |ng                                         
switchon                                   |switchon                                   
ch_cont                                    |ch_cont                                    
boost                                      |boost                                      
vpwre                                      |vpwre                                      
ch2                                        |ch2                                        
vpwr                                       |vpwr                                       
ch1                                        |ch1                                        
switchoff                                  |(no matching pin)                          
---------------------------------------------------------------------------------------
Cell pin lists are equivalent.
Device classes CF_REFBUF and CF_REFBUF are equivalent.

Cell CF_BUF_HIZ (0) disconnected node: tp
Cell CF_BUF_HIZ (0) disconnected node: vgnd
Cell CF_BUF_HIZ (0) disconnected node: clk2_boost
Cell CF_BUF_HIZ (0) disconnected node: clk1_boostr
Cell CF_BUF_HIZ (0) disconnected node: vbpt
Cell CF_BUF_HIZ (0) disconnected node: vbpcis
Cell CF_BUF_HIZ (0) disconnected node: vbncis
Cell CF_BUF_HIZ (0) disconnected node: vpwr
Cell CF_BUF_HIZ (0) disconnected node: vout
Cell CF_BUF_HIZ (0) disconnected node: vbpci
Cell CF_BUF_HIZ (0) disconnected node: vbnt
Cell CF_BUF_HIZ (0) disconnected node: ibias
Cell CF_BUF_HIZ (0) disconnected node: ion
Cell CF_BUF_HIZ (0) disconnected node: iop
Cell CF_BUF_HIZ (0) disconnected node: e_pd
Cell CF_BUF_HIZ (0) disconnected node: vbnci
Cell CF_BUF_HIZ (0) disconnected node: vbpcid
Cell CF_BUF_HIZ (0) disconnected node: vbptd
Cell CF_BUF_HIZ (0) disconnected node: vbnc
Cell CF_BUF_HIZ (0) disconnected node: vbpc
Cell CF_BUF_HIZ (0) disconnected node: en_pd
Cell CF_BUF_HIZ (0) disconnected node: vbpb
Cell CF_BUF_HIZ (0) disconnected node: vinp_n
Cell CF_BUF_HIZ (0) disconnected node: vinn_n
Cell CF_BUF_HIZ (0) disconnected node: vinp_na
Cell CF_BUF_HIZ (0) disconnected node: vinn_na
Cell CF_BUF_HIZ (0) disconnected node: vinn_p
Cell CF_BUF_HIZ (0) disconnected node: vinp_p
Cell CF_BUF_HIZ (0) disconnected node: e_na_boost
Cell CF_BUF_HIZ (0) disconnected node: e_n_boost

Subcircuit pins:
Circuit 1: CF_BUF_HIZ                      |Circuit 2: CF_BUF_HIZ                      
-------------------------------------------|-------------------------------------------
tp                                         |tp                                         
vgnd                                       |vgnd                                       
clk2_boost                                 |clk2_boost                                 
clk1_boostr                                |clk1_boostr                                
vbpt                                       |vbpt                                       
vbpcis                                     |vbpcis                                     
vbncis                                     |vbncis                                     
vpwr                                       |vpwr                                       
vout                                       |vout                                       
vbpci                                      |vbpci                                      
vbnt                                       |vbnt                                       
ibias                                      |ibias                                      
e_pd                                       |e_pd                                       
vbnci                                      |vbnci                                      
vbpcid                                     |vbpcid                                     
vbptd                                      |vbptd                                      
vbnc                                       |vbnc                                       
vbpc                                       |vbpc                                       
en_pd                                      |en_pd                                      
vbpb                                       |vbpb                                       
vinp_n                                     |vinp_n                                     
vinn_n                                     |vinn_n                                     
vinp_na                                    |vinp_na                                    
vinn_na                                    |vinn_na                                    
vinn_p                                     |vinn_p                                     
vinp_p                                     |vinp_p                                     
e_na_boost                                 |e_na_boost                                 
e_n_boost                                  |e_n_boost                                  
ion                                        |(no matching pin)                          
iop                                        |(no matching pin)                          
---------------------------------------------------------------------------------------
Cell pin lists are equivalent.
Device classes CF_BUF_HIZ and CF_BUF_HIZ are equivalent.

Cell CF_ADC_SAR12_sar_refs (0) disconnected node: vdda
Cell CF_ADC_SAR12_sar_refs (0) disconnected node: vda_int
Cell CF_ADC_SAR12_sar_refs (0) disconnected node: vpwr
Cell CF_ADC_SAR12_sar_refs (0) disconnected node: vpwrd_int
Cell CF_ADC_SAR12_sar_refs (0) disconnected node: VPUMP
Cell CF_ADC_SAR12_sar_refs (0) disconnected node: vssa
Cell CF_ADC_SAR12_sar_refs (0) disconnected node: vgnd
Cell CF_ADC_SAR12_sar_refs (0) disconnected node: vref[4]
Cell CF_ADC_SAR12_sar_refs (0) disconnected node: vref[3]
Cell CF_ADC_SAR12_sar_refs (0) disconnected node: vref[2]
Cell CF_ADC_SAR12_sar_refs (0) disconnected node: vref[1]
Cell CF_ADC_SAR12_sar_refs (0) disconnected node: vref[0]
Cell CF_ADC_SAR12_sar_refs (0) disconnected node: pd
Cell CF_ADC_SAR12_sar_refs (0) disconnected node: hiz
Cell CF_ADC_SAR12_sar_refs (0) disconnected node: PWR_CTRL_VREF[1]
Cell CF_ADC_SAR12_sar_refs (0) disconnected node: muxsarref[2]
Cell CF_ADC_SAR12_sar_refs (0) disconnected node: muxsarref[1]
Cell CF_ADC_SAR12_sar_refs (0) disconnected node: muxsarref[0]
Cell CF_ADC_SAR12_sar_refs (0) disconnected node: REFBY2
Cell CF_ADC_SAR12_sar_refs (0) disconnected node: pd_ana
Cell CF_ADC_SAR12_sar_refs (0) disconnected node: EN_RESVDA
Cell CF_ADC_SAR12_sar_refs (0) disconnected node: IREF_VCMBUF
Cell CF_ADC_SAR12_sar_refs (0) disconnected node: sw_start
Cell CF_ADC_SAR12_sar_refs (0) disconnected node: PWR_CTRL_VREF[0]
Cell CF_ADC_SAR12_sar_refs (0) disconnected node: pd_vcmbuf
Cell CF_ADC_SAR12_sar_refs (0) disconnected node: S_LV[7]
Cell CF_ADC_SAR12_sar_refs (0) disconnected node: px_in
Cell CF_ADC_SAR12_sar_refs (0) disconnected node: px
Cell CF_ADC_SAR12_sar_refs (0) disconnected node: refout
Cell CF_ADC_SAR12_sar_refs (0) disconnected node: refout_en
Cell CF_ADC_SAR12_sar_refs (0) disconnected node: sw_holdb
Cell CF_ADC_SAR12_sar_refs (0) disconnected node: enpdb_hv
Cell CF_ADC_SAR12_sar_refs (0) disconnected node: en_pxin_cap
Cell CF_ADC_SAR12_sar_refs (0) disconnected node: S_LV[6]
Cell CF_ADC_SAR12_sar_refs (0) disconnected node: S_LV[5]
Cell CF_ADC_SAR12_sar_refs (0) disconnected node: S_LV[4]
Cell CF_ADC_SAR12_sar_refs (0) disconnected node: S_LV[3]
Cell CF_ADC_SAR12_sar_refs (0) disconnected node: S_LV[2]
Cell CF_ADC_SAR12_sar_refs (0) disconnected node: S_LV[1]
Cell CF_ADC_SAR12_sar_refs (0) disconnected node: S_LV[0]
Cell CF_ADC_SAR12_sar_refs (0) disconnected node: REFHI
Cell CF_ADC_SAR12_sar_refs (0) disconnected node: enable_hv
Cell CF_ADC_SAR12_sar_refs (0) disconnected node: IREF_VREFBUF
Cell CF_ADC_SAR12_sar_refs (0) disconnected node: PD_BUF_VREF
Cell CF_ADC_SAR12_sar_refs (0) disconnected node: vssa_shield
Cell CF_ADC_SAR12_sar_refs (0) disconnected node: dft_comp_en

Subcircuit pins:
Circuit 1: CF_ADC_SAR12_sar_refs           |Circuit 2: CF_ADC_SAR12_sar_refs           
-------------------------------------------|-------------------------------------------
vdda                                       |vdda                                       
vpwr                                       |vpwr                                       
VPUMP                                      |VPUMP                                      
vssa                                       |vssa                                       
vgnd                                       |vgnd                                       
vref[4]                                    |vref[4]                                    
vref[3]                                    |vref[3]                                    
vref[2]                                    |vref[2]                                    
vref[1]                                    |vref[1]                                    
vref[0]                                    |vref[0]                                    
pd                                         |pd                                         
hiz                                        |hiz                                        
PWR_CTRL_VREF[1]                           |PWR_CTRL_VREF[1]                           
muxsarref[2]                               |muxsarref[2]                               
muxsarref[1]                               |muxsarref[1]                               
muxsarref[0]                               |muxsarref[0]                               
REFBY2                                     |REFBY2                                     
pd_ana                                     |pd_ana                                     
EN_RESVDA                                  |EN_RESVDA                                  
IREF_VCMBUF                                |IREF_VCMBUF                                
sw_start                                   |sw_start                                   
PWR_CTRL_VREF[0]                           |PWR_CTRL_VREF[0]                           
pd_vcmbuf                                  |pd_vcmbuf                                  
S_LV[7]                                    |S_LV[7]                                    
refout                                     |refout                                     
refout_en                                  |refout_en                                  
sw_holdb                                   |sw_holdb                                   
enpdb_hv                                   |enpdb_hv                                   
S_LV[6]                                    |S_LV[6]                                    
S_LV[5]                                    |S_LV[5]                                    
S_LV[4]                                    |S_LV[4]                                    
S_LV[3]                                    |S_LV[3]                                    
S_LV[2]                                    |S_LV[2]                                    
S_LV[1]                                    |S_LV[1]                                    
S_LV[0]                                    |S_LV[0]                                    
REFHI                                      |REFHI                                      
enable_hv                                  |enable_hv                                  
IREF_VREFBUF                               |IREF_VREFBUF                               
PD_BUF_VREF                                |PD_BUF_VREF                                
vssa_shield                                |vssa_shield                                
dft_comp_en                                |dft_comp_en                                
vda_int                                    |(no matching pin)                          
vpwrd_int                                  |(no matching pin)                          
px_in                                      |(no matching pin)                          
px                                         |(no matching pin)                          
en_pxin_cap                                |(no matching pin)                          
---------------------------------------------------------------------------------------
Cell pin lists are equivalent.
Device classes CF_ADC_SAR12_sar_refs and CF_ADC_SAR12_sar_refs are equivalent.

Cell CF_BGR (0) disconnected node: CurrAbsTrim[5]
Cell CF_BGR (0) disconnected node: finetune
Cell CF_BGR (0) disconnected node: boost4
Cell CF_BGR (0) disconnected node: boost7
Cell CF_BGR (0) disconnected node: boost6
Cell CF_BGR (0) disconnected node: boost5
Cell CF_BGR (0) disconnected node: en_startb
Cell CF_BGR (0) disconnected node: trimCurr[5]
Cell CF_BGR (0) disconnected node: trimCurr[4]
Cell CF_BGR (0) disconnected node: trimCurr[3]
Cell CF_BGR (0) disconnected node: trimCurr[2]
Cell CF_BGR (0) disconnected node: trimCurr[0]
Cell CF_BGR (0) disconnected node: trimCurr[1]
Cell CF_BGR (0) disconnected node: CurrAbsTrim[0]
Cell CF_BGR (0) disconnected node: CurrAbsTrim[1]
Cell CF_BGR (0) disconnected node: CurrAbsTrim[2]
Cell CF_BGR (0) disconnected node: CurrAbsTrim[3]
Cell CF_BGR (0) disconnected node: CurrAbsTrim[4]
Cell CF_BGR (0) disconnected node: mux2sel
Cell CF_BGR (0) disconnected node: mux1sel[0]
Cell CF_BGR (0) disconnected node: mux1sel[1]
Cell CF_BGR (0) disconnected node: dft_sel
Cell CF_BGR (0) disconnected node: pd_ibg
Cell CF_BGR (0) disconnected node: pd
Cell CF_BGR (0) disconnected node: trimTC[6]
Cell CF_BGR (0) disconnected node: trimTC[5]
Cell CF_BGR (0) disconnected node: trimTC[4]
Cell CF_BGR (0) disconnected node: trimTC[3]
Cell CF_BGR (0) disconnected node: trimTC[2]
Cell CF_BGR (0) disconnected node: trimTC[0]
Cell CF_BGR (0) disconnected node: trimTC[1]
Cell CF_BGR (0) disconnected node: inl_ctrl[0]
Cell CF_BGR (0) disconnected node: inl_ctrl[1]
Cell CF_BGR (0) disconnected node: vbias_cascode
Cell CF_BGR (0) disconnected node: vbias
Cell CF_BGR (0) disconnected node: boost3
Cell CF_BGR (0) disconnected node: dft_curr_in
Cell CF_BGR (0) disconnected node: vb2_fast
Cell CF_BGR (0) disconnected node: Vout
Cell CF_BGR (0) disconnected node: ibg_3uA
Cell CF_BGR (0) disconnected node: ibg_2p375uA
Cell CF_BGR (0) disconnected node: mux1out
Cell CF_BGR (0) disconnected node: mux2out
Cell CF_BGR (0) disconnected node: ictat
Cell CF_BGR (0) disconnected node: iptat
Cell CF_BGR (0) disconnected node: inl_ctrl[6]
Cell CF_BGR (0) disconnected node: inl_ctrl[5]
Cell CF_BGR (0) disconnected node: vgnd
Cell CF_BGR (0) disconnected node: vpwr
Cell CF_BGR (0) disconnected node: inl_ctrl[3]
Cell CF_BGR (0) disconnected node: inl_ctrl[2]
Cell CF_BGR (0) disconnected node: pbias_ctat
Cell CF_BGR (0) disconnected node: vout_ictat
Cell CF_BGR (0) disconnected node: inl_ctrl[4]

Subcircuit pins:
Circuit 1: CF_BGR                          |Circuit 2: CF_BGR                          
-------------------------------------------|-------------------------------------------
CurrAbsTrim[5]                             |CurrAbsTrim[5]                             
finetune                                   |finetune                                   
en_startb                                  |en_startb                                  
trimCurr[5]                                |trimCurr[5]                                
trimCurr[4]                                |trimCurr[4]                                
trimCurr[3]                                |trimCurr[3]                                
trimCurr[2]                                |trimCurr[2]                                
trimCurr[0]                                |trimCurr[0]                                
trimCurr[1]                                |trimCurr[1]                                
CurrAbsTrim[0]                             |CurrAbsTrim[0]                             
CurrAbsTrim[1]                             |CurrAbsTrim[1]                             
CurrAbsTrim[2]                             |CurrAbsTrim[2]                             
CurrAbsTrim[3]                             |CurrAbsTrim[3]                             
CurrAbsTrim[4]                             |CurrAbsTrim[4]                             
mux2sel                                    |mux2sel                                    
mux1sel[0]                                 |mux1sel[0]                                 
mux1sel[1]                                 |mux1sel[1]                                 
dft_sel                                    |dft_sel                                    
pd_ibg                                     |pd_ibg                                     
pd                                         |pd                                         
trimTC[6]                                  |trimTC[6]                                  
trimTC[5]                                  |trimTC[5]                                  
trimTC[4]                                  |trimTC[4]                                  
trimTC[3]                                  |trimTC[3]                                  
trimTC[2]                                  |trimTC[2]                                  
trimTC[0]                                  |trimTC[0]                                  
trimTC[1]                                  |trimTC[1]                                  
inl_ctrl[0]                                |inl_ctrl[0]                                
inl_ctrl[1]                                |inl_ctrl[1]                                
dft_curr_in                                |dft_curr_in                                
vb2_fast                                   |vb2_fast                                   
Vout                                       |Vout                                       
ibg_3uA                                    |ibg_3uA                                    
ibg_2p375uA                                |ibg_2p375uA                                
inl_ctrl[6]                                |inl_ctrl[6]                                
inl_ctrl[5]                                |inl_ctrl[5]                                
vgnd                                       |vgnd                                       
vpwr                                       |vpwr                                       
inl_ctrl[3]                                |inl_ctrl[3]                                
inl_ctrl[2]                                |inl_ctrl[2]                                
inl_ctrl[4]                                |inl_ctrl[4]                                
boost4                                     |(no matching pin)                          
boost7                                     |(no matching pin)                          
boost6                                     |(no matching pin)                          
boost5                                     |(no matching pin)                          
vbias_cascode                              |(no matching pin)                          
vbias                                      |(no matching pin)                          
boost3                                     |(no matching pin)                          
mux1out                                    |(no matching pin)                          
mux2out                                    |(no matching pin)                          
ictat                                      |(no matching pin)                          
iptat                                      |(no matching pin)                          
pbias_ctat                                 |(no matching pin)                          
vout_ictat                                 |(no matching pin)                          
---------------------------------------------------------------------------------------
Cell pin lists are equivalent.
Device classes CF_BGR and CF_BGR are equivalent.

Cell user_project_wrapper (0) disconnected node: analog_io[23]
Cell user_project_wrapper (0) disconnected node: analog_io[28]
Cell user_project_wrapper (0) disconnected node: io_in[0]
Cell user_project_wrapper (0) disconnected node: io_in[10]
Cell user_project_wrapper (0) disconnected node: io_in[11]
Cell user_project_wrapper (0) disconnected node: io_in[12]
Cell user_project_wrapper (0) disconnected node: io_in[13]
Cell user_project_wrapper (0) disconnected node: io_in[14]
Cell user_project_wrapper (0) disconnected node: io_in[15]
Cell user_project_wrapper (0) disconnected node: io_in[16]
Cell user_project_wrapper (0) disconnected node: io_in[17]
Cell user_project_wrapper (0) disconnected node: io_in[18]
Cell user_project_wrapper (0) disconnected node: io_in[19]
Cell user_project_wrapper (0) disconnected node: io_in[1]
Cell user_project_wrapper (0) disconnected node: io_in[20]
Cell user_project_wrapper (0) disconnected node: io_in[21]
Cell user_project_wrapper (0) disconnected node: io_in[22]
Cell user_project_wrapper (0) disconnected node: io_in[23]
Cell user_project_wrapper (0) disconnected node: io_in[24]
Cell user_project_wrapper (0) disconnected node: io_in[25]
Cell user_project_wrapper (0) disconnected node: io_in[26]
Cell user_project_wrapper (0) disconnected node: io_in[27]
Cell user_project_wrapper (0) disconnected node: io_in[28]
Cell user_project_wrapper (0) disconnected node: io_in[29]
Cell user_project_wrapper (0) disconnected node: io_in[2]
Cell user_project_wrapper (0) disconnected node: io_in[30]
Cell user_project_wrapper (0) disconnected node: io_in[31]
Cell user_project_wrapper (0) disconnected node: io_in[32]
Cell user_project_wrapper (0) disconnected node: io_in[33]
Cell user_project_wrapper (0) disconnected node: io_in[34]
Cell user_project_wrapper (0) disconnected node: io_in[35]
Cell user_project_wrapper (0) disconnected node: io_in[36]
Cell user_project_wrapper (0) disconnected node: io_in[37]
Cell user_project_wrapper (0) disconnected node: io_in[3]
Cell user_project_wrapper (0) disconnected node: io_in[4]
Cell user_project_wrapper (0) disconnected node: io_in[5]
Cell user_project_wrapper (0) disconnected node: io_in[6]
Cell user_project_wrapper (0) disconnected node: io_in[7]
Cell user_project_wrapper (0) disconnected node: io_in[8]
Cell user_project_wrapper (0) disconnected node: io_in[9]
Cell user_project_wrapper (0) disconnected node: io_oeb[0]
Cell user_project_wrapper (0) disconnected node: io_oeb[1]
Cell user_project_wrapper (0) disconnected node: io_oeb[2]
Cell user_project_wrapper (0) disconnected node: io_oeb[35]
Cell user_project_wrapper (0) disconnected node: io_oeb[36]
Cell user_project_wrapper (0) disconnected node: io_oeb[37]
Cell user_project_wrapper (0) disconnected node: io_oeb[3]
Cell user_project_wrapper (0) disconnected node: io_oeb[4]
Cell user_project_wrapper (0) disconnected node: io_oeb[5]
Cell user_project_wrapper (0) disconnected node: io_oeb[6]
Cell user_project_wrapper (0) disconnected node: io_out[0]
Cell user_project_wrapper (0) disconnected node: io_out[1]
Cell user_project_wrapper (0) disconnected node: io_out[2]
Cell user_project_wrapper (0) disconnected node: io_out[35]
Cell user_project_wrapper (0) disconnected node: io_out[36]
Cell user_project_wrapper (0) disconnected node: io_out[37]
Cell user_project_wrapper (0) disconnected node: io_out[3]
Cell user_project_wrapper (0) disconnected node: io_out[4]
Cell user_project_wrapper (0) disconnected node: io_out[5]
Cell user_project_wrapper (0) disconnected node: io_out[6]
Cell user_project_wrapper (0) disconnected node: la_data_in[0]
Cell user_project_wrapper (0) disconnected node: la_data_in[100]
Cell user_project_wrapper (0) disconnected node: la_data_in[101]
Cell user_project_wrapper (0) disconnected node: la_data_in[102]
Cell user_project_wrapper (0) disconnected node: la_data_in[103]
Cell user_project_wrapper (0) disconnected node: la_data_in[104]
Cell user_project_wrapper (0) disconnected node: la_data_in[105]
Cell user_project_wrapper (0) disconnected node: la_data_in[106]
Cell user_project_wrapper (0) disconnected node: la_data_in[107]
Cell user_project_wrapper (0) disconnected node: la_data_in[108]
Cell user_project_wrapper (0) disconnected node: la_data_in[109]
Cell user_project_wrapper (0) disconnected node: la_data_in[10]
Cell user_project_wrapper (0) disconnected node: la_data_in[110]
Cell user_project_wrapper (0) disconnected node: la_data_in[111]
Cell user_project_wrapper (0) disconnected node: la_data_in[112]
Cell user_project_wrapper (0) disconnected node: la_data_in[113]
Cell user_project_wrapper (0) disconnected node: la_data_in[114]
Cell user_project_wrapper (0) disconnected node: la_data_in[115]
Cell user_project_wrapper (0) disconnected node: la_data_in[116]
Cell user_project_wrapper (0) disconnected node: la_data_in[117]
Cell user_project_wrapper (0) disconnected node: la_data_in[118]
Cell user_project_wrapper (0) disconnected node: la_data_in[119]
Cell user_project_wrapper (0) disconnected node: la_data_in[11]
Cell user_project_wrapper (0) disconnected node: la_data_in[120]
Cell user_project_wrapper (0) disconnected node: la_data_in[121]
Cell user_project_wrapper (0) disconnected node: la_data_in[122]
Cell user_project_wrapper (0) disconnected node: la_data_in[123]
Cell user_project_wrapper (0) disconnected node: la_data_in[124]
Cell user_project_wrapper (0) disconnected node: la_data_in[125]
Cell user_project_wrapper (0) disconnected node: la_data_in[126]
Cell user_project_wrapper (0) disconnected node: la_data_in[127]
Cell user_project_wrapper (0) disconnected node: la_data_in[12]
Cell user_project_wrapper (0) disconnected node: la_data_in[13]
Cell user_project_wrapper (0) disconnected node: la_data_in[14]
Cell user_project_wrapper (0) disconnected node: la_data_in[15]
Cell user_project_wrapper (0) disconnected node: la_data_in[16]
Cell user_project_wrapper (0) disconnected node: la_data_in[17]
Cell user_project_wrapper (0) disconnected node: la_data_in[18]
Cell user_project_wrapper (0) disconnected node: la_data_in[19]
Cell user_project_wrapper (0) disconnected node: la_data_in[1]
Cell user_project_wrapper (0) disconnected node: la_data_in[20]
Cell user_project_wrapper (0) disconnected node: la_data_in[21]
Cell user_project_wrapper (0) disconnected node: la_data_in[22]
Cell user_project_wrapper (0) disconnected node: la_data_in[23]
Cell user_project_wrapper (0) disconnected node: la_data_in[24]
Cell user_project_wrapper (0) disconnected node: la_data_in[25]
Cell user_project_wrapper (0) disconnected node: la_data_in[26]
Cell user_project_wrapper (0) disconnected node: la_data_in[27]
Cell user_project_wrapper (0) disconnected node: la_data_in[28]
Cell user_project_wrapper (0) disconnected node: la_data_in[29]
Cell user_project_wrapper (0) disconnected node: la_data_in[2]
Cell user_project_wrapper (0) disconnected node: la_data_in[30]
Cell user_project_wrapper (0) disconnected node: la_data_in[31]
Cell user_project_wrapper (0) disconnected node: la_data_in[32]
Cell user_project_wrapper (0) disconnected node: la_data_in[33]
Cell user_project_wrapper (0) disconnected node: la_data_in[34]
Cell user_project_wrapper (0) disconnected node: la_data_in[35]
Cell user_project_wrapper (0) disconnected node: la_data_in[36]
Cell user_project_wrapper (0) disconnected node: la_data_in[37]
Cell user_project_wrapper (0) disconnected node: la_data_in[38]
Cell user_project_wrapper (0) disconnected node: la_data_in[39]
Cell user_project_wrapper (0) disconnected node: la_data_in[3]
Cell user_project_wrapper (0) disconnected node: la_data_in[40]
Cell user_project_wrapper (0) disconnected node: la_data_in[41]
Cell user_project_wrapper (0) disconnected node: la_data_in[42]
Cell user_project_wrapper (0) disconnected node: la_data_in[43]
Cell user_project_wrapper (0) disconnected node: la_data_in[44]
Cell user_project_wrapper (0) disconnected node: la_data_in[45]
Cell user_project_wrapper (0) disconnected node: la_data_in[46]
Cell user_project_wrapper (0) disconnected node: la_data_in[47]
Cell user_project_wrapper (0) disconnected node: la_data_in[48]
Cell user_project_wrapper (0) disconnected node: la_data_in[49]
Cell user_project_wrapper (0) disconnected node: la_data_in[4]
Cell user_project_wrapper (0) disconnected node: la_data_in[50]
Cell user_project_wrapper (0) disconnected node: la_data_in[51]
Cell user_project_wrapper (0) disconnected node: la_data_in[52]
Cell user_project_wrapper (0) disconnected node: la_data_in[53]
Cell user_project_wrapper (0) disconnected node: la_data_in[54]
Cell user_project_wrapper (0) disconnected node: la_data_in[55]
Cell user_project_wrapper (0) disconnected node: la_data_in[56]
Cell user_project_wrapper (0) disconnected node: la_data_in[57]
Cell user_project_wrapper (0) disconnected node: la_data_in[58]
Cell user_project_wrapper (0) disconnected node: la_data_in[59]
Cell user_project_wrapper (0) disconnected node: la_data_in[5]
Cell user_project_wrapper (0) disconnected node: la_data_in[60]
Cell user_project_wrapper (0) disconnected node: la_data_in[61]
Cell user_project_wrapper (0) disconnected node: la_data_in[62]
Cell user_project_wrapper (0) disconnected node: la_data_in[63]
Cell user_project_wrapper (0) disconnected node: la_data_in[64]
Cell user_project_wrapper (0) disconnected node: la_data_in[65]
Cell user_project_wrapper (0) disconnected node: la_data_in[66]
Cell user_project_wrapper (0) disconnected node: la_data_in[67]
Cell user_project_wrapper (0) disconnected node: la_data_in[68]
Cell user_project_wrapper (0) disconnected node: la_data_in[69]
Cell user_project_wrapper (0) disconnected node: la_data_in[6]
Cell user_project_wrapper (0) disconnected node: la_data_in[70]
Cell user_project_wrapper (0) disconnected node: la_data_in[71]
Cell user_project_wrapper (0) disconnected node: la_data_in[72]
Cell user_project_wrapper (0) disconnected node: la_data_in[73]
Cell user_project_wrapper (0) disconnected node: la_data_in[74]
Cell user_project_wrapper (0) disconnected node: la_data_in[75]
Cell user_project_wrapper (0) disconnected node: la_data_in[76]
Cell user_project_wrapper (0) disconnected node: la_data_in[77]
Cell user_project_wrapper (0) disconnected node: la_data_in[78]
Cell user_project_wrapper (0) disconnected node: la_data_in[79]
Cell user_project_wrapper (0) disconnected node: la_data_in[7]
Cell user_project_wrapper (0) disconnected node: la_data_in[80]
Cell user_project_wrapper (0) disconnected node: la_data_in[81]
Cell user_project_wrapper (0) disconnected node: la_data_in[82]
Cell user_project_wrapper (0) disconnected node: la_data_in[83]
Cell user_project_wrapper (0) disconnected node: la_data_in[84]
Cell user_project_wrapper (0) disconnected node: la_data_in[85]
Cell user_project_wrapper (0) disconnected node: la_data_in[86]
Cell user_project_wrapper (0) disconnected node: la_data_in[87]
Cell user_project_wrapper (0) disconnected node: la_data_in[88]
Cell user_project_wrapper (0) disconnected node: la_data_in[89]
Cell user_project_wrapper (0) disconnected node: la_data_in[8]
Cell user_project_wrapper (0) disconnected node: la_data_in[90]
Cell user_project_wrapper (0) disconnected node: la_data_in[91]
Cell user_project_wrapper (0) disconnected node: la_data_in[92]
Cell user_project_wrapper (0) disconnected node: la_data_in[93]
Cell user_project_wrapper (0) disconnected node: la_data_in[94]
Cell user_project_wrapper (0) disconnected node: la_data_in[95]
Cell user_project_wrapper (0) disconnected node: la_data_in[96]
Cell user_project_wrapper (0) disconnected node: la_data_in[97]
Cell user_project_wrapper (0) disconnected node: la_data_in[98]
Cell user_project_wrapper (0) disconnected node: la_data_in[99]
Cell user_project_wrapper (0) disconnected node: la_data_in[9]
Cell user_project_wrapper (0) disconnected node: la_data_out[0]
Cell user_project_wrapper (0) disconnected node: la_data_out[100]
Cell user_project_wrapper (0) disconnected node: la_data_out[101]
Cell user_project_wrapper (0) disconnected node: la_data_out[102]
Cell user_project_wrapper (0) disconnected node: la_data_out[103]
Cell user_project_wrapper (0) disconnected node: la_data_out[104]
Cell user_project_wrapper (0) disconnected node: la_data_out[105]
Cell user_project_wrapper (0) disconnected node: la_data_out[106]
Cell user_project_wrapper (0) disconnected node: la_data_out[107]
Cell user_project_wrapper (0) disconnected node: la_data_out[108]
Cell user_project_wrapper (0) disconnected node: la_data_out[109]
Cell user_project_wrapper (0) disconnected node: la_data_out[10]
Cell user_project_wrapper (0) disconnected node: la_data_out[110]
Cell user_project_wrapper (0) disconnected node: la_data_out[111]
Cell user_project_wrapper (0) disconnected node: la_data_out[112]
Cell user_project_wrapper (0) disconnected node: la_data_out[113]
Cell user_project_wrapper (0) disconnected node: la_data_out[114]
Cell user_project_wrapper (0) disconnected node: la_data_out[115]
Cell user_project_wrapper (0) disconnected node: la_data_out[116]
Cell user_project_wrapper (0) disconnected node: la_data_out[117]
Cell user_project_wrapper (0) disconnected node: la_data_out[118]
Cell user_project_wrapper (0) disconnected node: la_data_out[119]
Cell user_project_wrapper (0) disconnected node: la_data_out[11]
Cell user_project_wrapper (0) disconnected node: la_data_out[120]
Cell user_project_wrapper (0) disconnected node: la_data_out[121]
Cell user_project_wrapper (0) disconnected node: la_data_out[122]
Cell user_project_wrapper (0) disconnected node: la_data_out[123]
Cell user_project_wrapper (0) disconnected node: la_data_out[124]
Cell user_project_wrapper (0) disconnected node: la_data_out[125]
Cell user_project_wrapper (0) disconnected node: la_data_out[126]
Cell user_project_wrapper (0) disconnected node: la_data_out[127]
Cell user_project_wrapper (0) disconnected node: la_data_out[12]
Cell user_project_wrapper (0) disconnected node: la_data_out[13]
Cell user_project_wrapper (0) disconnected node: la_data_out[14]
Cell user_project_wrapper (0) disconnected node: la_data_out[15]
Cell user_project_wrapper (0) disconnected node: la_data_out[16]
Cell user_project_wrapper (0) disconnected node: la_data_out[17]
Cell user_project_wrapper (0) disconnected node: la_data_out[18]
Cell user_project_wrapper (0) disconnected node: la_data_out[19]
Cell user_project_wrapper (0) disconnected node: la_data_out[1]
Cell user_project_wrapper (0) disconnected node: la_data_out[20]
Cell user_project_wrapper (0) disconnected node: la_data_out[21]
Cell user_project_wrapper (0) disconnected node: la_data_out[22]
Cell user_project_wrapper (0) disconnected node: la_data_out[23]
Cell user_project_wrapper (0) disconnected node: la_data_out[24]
Cell user_project_wrapper (0) disconnected node: la_data_out[25]
Cell user_project_wrapper (0) disconnected node: la_data_out[26]
Cell user_project_wrapper (0) disconnected node: la_data_out[27]
Cell user_project_wrapper (0) disconnected node: la_data_out[28]
Cell user_project_wrapper (0) disconnected node: la_data_out[29]
Cell user_project_wrapper (0) disconnected node: la_data_out[2]
Cell user_project_wrapper (0) disconnected node: la_data_out[30]
Cell user_project_wrapper (0) disconnected node: la_data_out[31]
Cell user_project_wrapper (0) disconnected node: la_data_out[32]
Cell user_project_wrapper (0) disconnected node: la_data_out[33]
Cell user_project_wrapper (0) disconnected node: la_data_out[34]
Cell user_project_wrapper (0) disconnected node: la_data_out[35]
Cell user_project_wrapper (0) disconnected node: la_data_out[36]
Cell user_project_wrapper (0) disconnected node: la_data_out[37]
Cell user_project_wrapper (0) disconnected node: la_data_out[38]
Cell user_project_wrapper (0) disconnected node: la_data_out[39]
Cell user_project_wrapper (0) disconnected node: la_data_out[3]
Cell user_project_wrapper (0) disconnected node: la_data_out[40]
Cell user_project_wrapper (0) disconnected node: la_data_out[41]
Cell user_project_wrapper (0) disconnected node: la_data_out[42]
Cell user_project_wrapper (0) disconnected node: la_data_out[43]
Cell user_project_wrapper (0) disconnected node: la_data_out[44]
Cell user_project_wrapper (0) disconnected node: la_data_out[45]
Cell user_project_wrapper (0) disconnected node: la_data_out[46]
Cell user_project_wrapper (0) disconnected node: la_data_out[47]
Cell user_project_wrapper (0) disconnected node: la_data_out[48]
Cell user_project_wrapper (0) disconnected node: la_data_out[49]
Cell user_project_wrapper (0) disconnected node: la_data_out[4]
Cell user_project_wrapper (0) disconnected node: la_data_out[50]
Cell user_project_wrapper (0) disconnected node: la_data_out[51]
Cell user_project_wrapper (0) disconnected node: la_data_out[52]
Cell user_project_wrapper (0) disconnected node: la_data_out[53]
Cell user_project_wrapper (0) disconnected node: la_data_out[54]
Cell user_project_wrapper (0) disconnected node: la_data_out[55]
Cell user_project_wrapper (0) disconnected node: la_data_out[56]
Cell user_project_wrapper (0) disconnected node: la_data_out[57]
Cell user_project_wrapper (0) disconnected node: la_data_out[58]
Cell user_project_wrapper (0) disconnected node: la_data_out[59]
Cell user_project_wrapper (0) disconnected node: la_data_out[5]
Cell user_project_wrapper (0) disconnected node: la_data_out[60]
Cell user_project_wrapper (0) disconnected node: la_data_out[61]
Cell user_project_wrapper (0) disconnected node: la_data_out[62]
Cell user_project_wrapper (0) disconnected node: la_data_out[63]
Cell user_project_wrapper (0) disconnected node: la_data_out[64]
Cell user_project_wrapper (0) disconnected node: la_data_out[65]
Cell user_project_wrapper (0) disconnected node: la_data_out[66]
Cell user_project_wrapper (0) disconnected node: la_data_out[67]
Cell user_project_wrapper (0) disconnected node: la_data_out[68]
Cell user_project_wrapper (0) disconnected node: la_data_out[69]
Cell user_project_wrapper (0) disconnected node: la_data_out[6]
Cell user_project_wrapper (0) disconnected node: la_data_out[70]
Cell user_project_wrapper (0) disconnected node: la_data_out[71]
Cell user_project_wrapper (0) disconnected node: la_data_out[72]
Cell user_project_wrapper (0) disconnected node: la_data_out[73]
Cell user_project_wrapper (0) disconnected node: la_data_out[74]
Cell user_project_wrapper (0) disconnected node: la_data_out[75]
Cell user_project_wrapper (0) disconnected node: la_data_out[76]
Cell user_project_wrapper (0) disconnected node: la_data_out[77]
Cell user_project_wrapper (0) disconnected node: la_data_out[78]
Cell user_project_wrapper (0) disconnected node: la_data_out[79]
Cell user_project_wrapper (0) disconnected node: la_data_out[7]
Cell user_project_wrapper (0) disconnected node: la_data_out[80]
Cell user_project_wrapper (0) disconnected node: la_data_out[81]
Cell user_project_wrapper (0) disconnected node: la_data_out[82]
Cell user_project_wrapper (0) disconnected node: la_data_out[83]
Cell user_project_wrapper (0) disconnected node: la_data_out[84]
Cell user_project_wrapper (0) disconnected node: la_data_out[85]
Cell user_project_wrapper (0) disconnected node: la_data_out[86]
Cell user_project_wrapper (0) disconnected node: la_data_out[87]
Cell user_project_wrapper (0) disconnected node: la_data_out[88]
Cell user_project_wrapper (0) disconnected node: la_data_out[89]
Cell user_project_wrapper (0) disconnected node: la_data_out[8]
Cell user_project_wrapper (0) disconnected node: la_data_out[90]
Cell user_project_wrapper (0) disconnected node: la_data_out[91]
Cell user_project_wrapper (0) disconnected node: la_data_out[92]
Cell user_project_wrapper (0) disconnected node: la_data_out[93]
Cell user_project_wrapper (0) disconnected node: la_data_out[94]
Cell user_project_wrapper (0) disconnected node: la_data_out[95]
Cell user_project_wrapper (0) disconnected node: la_data_out[96]
Cell user_project_wrapper (0) disconnected node: la_data_out[97]
Cell user_project_wrapper (0) disconnected node: la_data_out[98]
Cell user_project_wrapper (0) disconnected node: la_data_out[99]
Cell user_project_wrapper (0) disconnected node: la_data_out[9]
Cell user_project_wrapper (0) disconnected node: la_oenb[0]
Cell user_project_wrapper (0) disconnected node: la_oenb[100]
Cell user_project_wrapper (0) disconnected node: la_oenb[101]
Cell user_project_wrapper (0) disconnected node: la_oenb[102]
Cell user_project_wrapper (0) disconnected node: la_oenb[103]
Cell user_project_wrapper (0) disconnected node: la_oenb[104]
Cell user_project_wrapper (0) disconnected node: la_oenb[105]
Cell user_project_wrapper (0) disconnected node: la_oenb[106]
Cell user_project_wrapper (0) disconnected node: la_oenb[107]
Cell user_project_wrapper (0) disconnected node: la_oenb[108]
Cell user_project_wrapper (0) disconnected node: la_oenb[109]
Cell user_project_wrapper (0) disconnected node: la_oenb[10]
Cell user_project_wrapper (0) disconnected node: la_oenb[110]
Cell user_project_wrapper (0) disconnected node: la_oenb[111]
Cell user_project_wrapper (0) disconnected node: la_oenb[112]
Cell user_project_wrapper (0) disconnected node: la_oenb[113]
Cell user_project_wrapper (0) disconnected node: la_oenb[114]
Cell user_project_wrapper (0) disconnected node: la_oenb[115]
Cell user_project_wrapper (0) disconnected node: la_oenb[116]
Cell user_project_wrapper (0) disconnected node: la_oenb[117]
Cell user_project_wrapper (0) disconnected node: la_oenb[118]
Cell user_project_wrapper (0) disconnected node: la_oenb[119]
Cell user_project_wrapper (0) disconnected node: la_oenb[11]
Cell user_project_wrapper (0) disconnected node: la_oenb[120]
Cell user_project_wrapper (0) disconnected node: la_oenb[121]
Cell user_project_wrapper (0) disconnected node: la_oenb[122]
Cell user_project_wrapper (0) disconnected node: la_oenb[123]
Cell user_project_wrapper (0) disconnected node: la_oenb[124]
Cell user_project_wrapper (0) disconnected node: la_oenb[125]
Cell user_project_wrapper (0) disconnected node: la_oenb[126]
Cell user_project_wrapper (0) disconnected node: la_oenb[127]
Cell user_project_wrapper (0) disconnected node: la_oenb[12]
Cell user_project_wrapper (0) disconnected node: la_oenb[13]
Cell user_project_wrapper (0) disconnected node: la_oenb[14]
Cell user_project_wrapper (0) disconnected node: la_oenb[15]
Cell user_project_wrapper (0) disconnected node: la_oenb[16]
Cell user_project_wrapper (0) disconnected node: la_oenb[17]
Cell user_project_wrapper (0) disconnected node: la_oenb[18]
Cell user_project_wrapper (0) disconnected node: la_oenb[19]
Cell user_project_wrapper (0) disconnected node: la_oenb[1]
Cell user_project_wrapper (0) disconnected node: la_oenb[20]
Cell user_project_wrapper (0) disconnected node: la_oenb[21]
Cell user_project_wrapper (0) disconnected node: la_oenb[22]
Cell user_project_wrapper (0) disconnected node: la_oenb[23]
Cell user_project_wrapper (0) disconnected node: la_oenb[24]
Cell user_project_wrapper (0) disconnected node: la_oenb[25]
Cell user_project_wrapper (0) disconnected node: la_oenb[26]
Cell user_project_wrapper (0) disconnected node: la_oenb[27]
Cell user_project_wrapper (0) disconnected node: la_oenb[28]
Cell user_project_wrapper (0) disconnected node: la_oenb[29]
Cell user_project_wrapper (0) disconnected node: la_oenb[2]
Cell user_project_wrapper (0) disconnected node: la_oenb[30]
Cell user_project_wrapper (0) disconnected node: la_oenb[31]
Cell user_project_wrapper (0) disconnected node: la_oenb[32]
Cell user_project_wrapper (0) disconnected node: la_oenb[33]
Cell user_project_wrapper (0) disconnected node: la_oenb[34]
Cell user_project_wrapper (0) disconnected node: la_oenb[35]
Cell user_project_wrapper (0) disconnected node: la_oenb[36]
Cell user_project_wrapper (0) disconnected node: la_oenb[37]
Cell user_project_wrapper (0) disconnected node: la_oenb[38]
Cell user_project_wrapper (0) disconnected node: la_oenb[39]
Cell user_project_wrapper (0) disconnected node: la_oenb[3]
Cell user_project_wrapper (0) disconnected node: la_oenb[40]
Cell user_project_wrapper (0) disconnected node: la_oenb[41]
Cell user_project_wrapper (0) disconnected node: la_oenb[42]
Cell user_project_wrapper (0) disconnected node: la_oenb[43]
Cell user_project_wrapper (0) disconnected node: la_oenb[44]
Cell user_project_wrapper (0) disconnected node: la_oenb[45]
Cell user_project_wrapper (0) disconnected node: la_oenb[46]
Cell user_project_wrapper (0) disconnected node: la_oenb[47]
Cell user_project_wrapper (0) disconnected node: la_oenb[48]
Cell user_project_wrapper (0) disconnected node: la_oenb[49]
Cell user_project_wrapper (0) disconnected node: la_oenb[4]
Cell user_project_wrapper (0) disconnected node: la_oenb[50]
Cell user_project_wrapper (0) disconnected node: la_oenb[51]
Cell user_project_wrapper (0) disconnected node: la_oenb[52]
Cell user_project_wrapper (0) disconnected node: la_oenb[53]
Cell user_project_wrapper (0) disconnected node: la_oenb[54]
Cell user_project_wrapper (0) disconnected node: la_oenb[55]
Cell user_project_wrapper (0) disconnected node: la_oenb[56]
Cell user_project_wrapper (0) disconnected node: la_oenb[57]
Cell user_project_wrapper (0) disconnected node: la_oenb[58]
Cell user_project_wrapper (0) disconnected node: la_oenb[59]
Cell user_project_wrapper (0) disconnected node: la_oenb[5]
Cell user_project_wrapper (0) disconnected node: la_oenb[60]
Cell user_project_wrapper (0) disconnected node: la_oenb[61]
Cell user_project_wrapper (0) disconnected node: la_oenb[62]
Cell user_project_wrapper (0) disconnected node: la_oenb[63]
Cell user_project_wrapper (0) disconnected node: la_oenb[64]
Cell user_project_wrapper (0) disconnected node: la_oenb[65]
Cell user_project_wrapper (0) disconnected node: la_oenb[66]
Cell user_project_wrapper (0) disconnected node: la_oenb[67]
Cell user_project_wrapper (0) disconnected node: la_oenb[68]
Cell user_project_wrapper (0) disconnected node: la_oenb[69]
Cell user_project_wrapper (0) disconnected node: la_oenb[6]
Cell user_project_wrapper (0) disconnected node: la_oenb[70]
Cell user_project_wrapper (0) disconnected node: la_oenb[71]
Cell user_project_wrapper (0) disconnected node: la_oenb[72]
Cell user_project_wrapper (0) disconnected node: la_oenb[73]
Cell user_project_wrapper (0) disconnected node: la_oenb[74]
Cell user_project_wrapper (0) disconnected node: la_oenb[75]
Cell user_project_wrapper (0) disconnected node: la_oenb[76]
Cell user_project_wrapper (0) disconnected node: la_oenb[77]
Cell user_project_wrapper (0) disconnected node: la_oenb[78]
Cell user_project_wrapper (0) disconnected node: la_oenb[79]
Cell user_project_wrapper (0) disconnected node: la_oenb[7]
Cell user_project_wrapper (0) disconnected node: la_oenb[80]
Cell user_project_wrapper (0) disconnected node: la_oenb[81]
Cell user_project_wrapper (0) disconnected node: la_oenb[82]
Cell user_project_wrapper (0) disconnected node: la_oenb[83]
Cell user_project_wrapper (0) disconnected node: la_oenb[84]
Cell user_project_wrapper (0) disconnected node: la_oenb[85]
Cell user_project_wrapper (0) disconnected node: la_oenb[86]
Cell user_project_wrapper (0) disconnected node: la_oenb[87]
Cell user_project_wrapper (0) disconnected node: la_oenb[88]
Cell user_project_wrapper (0) disconnected node: la_oenb[89]
Cell user_project_wrapper (0) disconnected node: la_oenb[8]
Cell user_project_wrapper (0) disconnected node: la_oenb[90]
Cell user_project_wrapper (0) disconnected node: la_oenb[91]
Cell user_project_wrapper (0) disconnected node: la_oenb[92]
Cell user_project_wrapper (0) disconnected node: la_oenb[93]
Cell user_project_wrapper (0) disconnected node: la_oenb[94]
Cell user_project_wrapper (0) disconnected node: la_oenb[95]
Cell user_project_wrapper (0) disconnected node: la_oenb[96]
Cell user_project_wrapper (0) disconnected node: la_oenb[97]
Cell user_project_wrapper (0) disconnected node: la_oenb[98]
Cell user_project_wrapper (0) disconnected node: la_oenb[99]
Cell user_project_wrapper (0) disconnected node: la_oenb[9]
Cell user_project_wrapper (0) disconnected node: user_irq[0]
Cell user_project_wrapper (0) disconnected node: user_irq[1]
Cell user_project_wrapper (0) disconnected node: user_irq[2]
Cell user_project_wrapper (0) disconnected node: vccd2
Cell user_project_wrapper (0) disconnected node: vdda1
Cell user_project_wrapper (0) disconnected node: vdda2
Cell user_project_wrapper (0) disconnected node: vssa1
Cell user_project_wrapper (0) disconnected node: vssa2
Cell user_project_wrapper (0) disconnected node: vssd2
Cell user_project_wrapper (1) disconnected node: vssa2
Cell user_project_wrapper (1) disconnected node: vdda2
Cell user_project_wrapper (1) disconnected node: vssa1
Cell user_project_wrapper (1) disconnected node: vdda1
Cell user_project_wrapper (1) disconnected node: vssd2
Cell user_project_wrapper (1) disconnected node: vccd2
Cell user_project_wrapper (1) disconnected node: analog_io[28]
Cell user_project_wrapper (1) disconnected node: analog_io[23]
Cell user_project_wrapper (1) disconnected node: io_in[37]
Cell user_project_wrapper (1) disconnected node: io_in[36]
Cell user_project_wrapper (1) disconnected node: io_in[35]
Cell user_project_wrapper (1) disconnected node: io_in[34]
Cell user_project_wrapper (1) disconnected node: io_in[33]
Cell user_project_wrapper (1) disconnected node: io_in[32]
Cell user_project_wrapper (1) disconnected node: io_in[31]
Cell user_project_wrapper (1) disconnected node: io_in[30]
Cell user_project_wrapper (1) disconnected node: io_in[29]
Cell user_project_wrapper (1) disconnected node: io_in[28]
Cell user_project_wrapper (1) disconnected node: io_in[27]
Cell user_project_wrapper (1) disconnected node: io_in[26]
Cell user_project_wrapper (1) disconnected node: io_in[25]
Cell user_project_wrapper (1) disconnected node: io_in[24]
Cell user_project_wrapper (1) disconnected node: io_in[23]
Cell user_project_wrapper (1) disconnected node: io_in[22]
Cell user_project_wrapper (1) disconnected node: io_in[21]
Cell user_project_wrapper (1) disconnected node: io_in[20]
Cell user_project_wrapper (1) disconnected node: io_in[19]
Cell user_project_wrapper (1) disconnected node: io_in[18]
Cell user_project_wrapper (1) disconnected node: io_in[17]
Cell user_project_wrapper (1) disconnected node: io_in[16]
Cell user_project_wrapper (1) disconnected node: io_in[15]
Cell user_project_wrapper (1) disconnected node: io_in[14]
Cell user_project_wrapper (1) disconnected node: io_in[13]
Cell user_project_wrapper (1) disconnected node: io_in[12]
Cell user_project_wrapper (1) disconnected node: io_in[11]
Cell user_project_wrapper (1) disconnected node: io_in[10]
Cell user_project_wrapper (1) disconnected node: io_in[9]
Cell user_project_wrapper (1) disconnected node: io_in[8]
Cell user_project_wrapper (1) disconnected node: io_in[7]
Cell user_project_wrapper (1) disconnected node: io_in[6]
Cell user_project_wrapper (1) disconnected node: io_in[5]
Cell user_project_wrapper (1) disconnected node: io_in[4]
Cell user_project_wrapper (1) disconnected node: io_in[3]
Cell user_project_wrapper (1) disconnected node: io_in[2]
Cell user_project_wrapper (1) disconnected node: io_in[1]
Cell user_project_wrapper (1) disconnected node: io_in[0]
Cell user_project_wrapper (1) disconnected node: io_oeb[37]
Cell user_project_wrapper (1) disconnected node: io_oeb[36]
Cell user_project_wrapper (1) disconnected node: io_oeb[35]
Cell user_project_wrapper (1) disconnected node: io_oeb[6]
Cell user_project_wrapper (1) disconnected node: io_oeb[5]
Cell user_project_wrapper (1) disconnected node: io_oeb[4]
Cell user_project_wrapper (1) disconnected node: io_oeb[3]
Cell user_project_wrapper (1) disconnected node: io_oeb[2]
Cell user_project_wrapper (1) disconnected node: io_oeb[1]
Cell user_project_wrapper (1) disconnected node: io_oeb[0]
Cell user_project_wrapper (1) disconnected node: io_out[37]
Cell user_project_wrapper (1) disconnected node: io_out[36]
Cell user_project_wrapper (1) disconnected node: io_out[35]
Cell user_project_wrapper (1) disconnected node: io_out[6]
Cell user_project_wrapper (1) disconnected node: io_out[5]
Cell user_project_wrapper (1) disconnected node: io_out[4]
Cell user_project_wrapper (1) disconnected node: io_out[3]
Cell user_project_wrapper (1) disconnected node: io_out[2]
Cell user_project_wrapper (1) disconnected node: io_out[1]
Cell user_project_wrapper (1) disconnected node: io_out[0]
Cell user_project_wrapper (1) disconnected node: la_data_in[127]
Cell user_project_wrapper (1) disconnected node: la_data_in[126]
Cell user_project_wrapper (1) disconnected node: la_data_in[125]
Cell user_project_wrapper (1) disconnected node: la_data_in[124]
Cell user_project_wrapper (1) disconnected node: la_data_in[123]
Cell user_project_wrapper (1) disconnected node: la_data_in[122]
Cell user_project_wrapper (1) disconnected node: la_data_in[121]
Cell user_project_wrapper (1) disconnected node: la_data_in[120]
Cell user_project_wrapper (1) disconnected node: la_data_in[119]
Cell user_project_wrapper (1) disconnected node: la_data_in[118]
Cell user_project_wrapper (1) disconnected node: la_data_in[117]
Cell user_project_wrapper (1) disconnected node: la_data_in[116]
Cell user_project_wrapper (1) disconnected node: la_data_in[115]
Cell user_project_wrapper (1) disconnected node: la_data_in[114]
Cell user_project_wrapper (1) disconnected node: la_data_in[113]
Cell user_project_wrapper (1) disconnected node: la_data_in[112]
Cell user_project_wrapper (1) disconnected node: la_data_in[111]
Cell user_project_wrapper (1) disconnected node: la_data_in[110]
Cell user_project_wrapper (1) disconnected node: la_data_in[109]
Cell user_project_wrapper (1) disconnected node: la_data_in[108]
Cell user_project_wrapper (1) disconnected node: la_data_in[107]
Cell user_project_wrapper (1) disconnected node: la_data_in[106]
Cell user_project_wrapper (1) disconnected node: la_data_in[105]
Cell user_project_wrapper (1) disconnected node: la_data_in[104]
Cell user_project_wrapper (1) disconnected node: la_data_in[103]
Cell user_project_wrapper (1) disconnected node: la_data_in[102]
Cell user_project_wrapper (1) disconnected node: la_data_in[101]
Cell user_project_wrapper (1) disconnected node: la_data_in[100]
Cell user_project_wrapper (1) disconnected node: la_data_in[99]
Cell user_project_wrapper (1) disconnected node: la_data_in[98]
Cell user_project_wrapper (1) disconnected node: la_data_in[97]
Cell user_project_wrapper (1) disconnected node: la_data_in[96]
Cell user_project_wrapper (1) disconnected node: la_data_in[95]
Cell user_project_wrapper (1) disconnected node: la_data_in[94]
Cell user_project_wrapper (1) disconnected node: la_data_in[93]
Cell user_project_wrapper (1) disconnected node: la_data_in[92]
Cell user_project_wrapper (1) disconnected node: la_data_in[91]
Cell user_project_wrapper (1) disconnected node: la_data_in[90]
Cell user_project_wrapper (1) disconnected node: la_data_in[89]
Cell user_project_wrapper (1) disconnected node: la_data_in[88]
Cell user_project_wrapper (1) disconnected node: la_data_in[87]
Cell user_project_wrapper (1) disconnected node: la_data_in[86]
Cell user_project_wrapper (1) disconnected node: la_data_in[85]
Cell user_project_wrapper (1) disconnected node: la_data_in[84]
Cell user_project_wrapper (1) disconnected node: la_data_in[83]
Cell user_project_wrapper (1) disconnected node: la_data_in[82]
Cell user_project_wrapper (1) disconnected node: la_data_in[81]
Cell user_project_wrapper (1) disconnected node: la_data_in[80]
Cell user_project_wrapper (1) disconnected node: la_data_in[79]
Cell user_project_wrapper (1) disconnected node: la_data_in[78]
Cell user_project_wrapper (1) disconnected node: la_data_in[77]
Cell user_project_wrapper (1) disconnected node: la_data_in[76]
Cell user_project_wrapper (1) disconnected node: la_data_in[75]
Cell user_project_wrapper (1) disconnected node: la_data_in[74]
Cell user_project_wrapper (1) disconnected node: la_data_in[73]
Cell user_project_wrapper (1) disconnected node: la_data_in[72]
Cell user_project_wrapper (1) disconnected node: la_data_in[71]
Cell user_project_wrapper (1) disconnected node: la_data_in[70]
Cell user_project_wrapper (1) disconnected node: la_data_in[69]
Cell user_project_wrapper (1) disconnected node: la_data_in[68]
Cell user_project_wrapper (1) disconnected node: la_data_in[67]
Cell user_project_wrapper (1) disconnected node: la_data_in[66]
Cell user_project_wrapper (1) disconnected node: la_data_in[65]
Cell user_project_wrapper (1) disconnected node: la_data_in[64]
Cell user_project_wrapper (1) disconnected node: la_data_in[63]
Cell user_project_wrapper (1) disconnected node: la_data_in[62]
Cell user_project_wrapper (1) disconnected node: la_data_in[61]
Cell user_project_wrapper (1) disconnected node: la_data_in[60]
Cell user_project_wrapper (1) disconnected node: la_data_in[59]
Cell user_project_wrapper (1) disconnected node: la_data_in[58]
Cell user_project_wrapper (1) disconnected node: la_data_in[57]
Cell user_project_wrapper (1) disconnected node: la_data_in[56]
Cell user_project_wrapper (1) disconnected node: la_data_in[55]
Cell user_project_wrapper (1) disconnected node: la_data_in[54]
Cell user_project_wrapper (1) disconnected node: la_data_in[53]
Cell user_project_wrapper (1) disconnected node: la_data_in[52]
Cell user_project_wrapper (1) disconnected node: la_data_in[51]
Cell user_project_wrapper (1) disconnected node: la_data_in[50]
Cell user_project_wrapper (1) disconnected node: la_data_in[49]
Cell user_project_wrapper (1) disconnected node: la_data_in[48]
Cell user_project_wrapper (1) disconnected node: la_data_in[47]
Cell user_project_wrapper (1) disconnected node: la_data_in[46]
Cell user_project_wrapper (1) disconnected node: la_data_in[45]
Cell user_project_wrapper (1) disconnected node: la_data_in[44]
Cell user_project_wrapper (1) disconnected node: la_data_in[43]
Cell user_project_wrapper (1) disconnected node: la_data_in[42]
Cell user_project_wrapper (1) disconnected node: la_data_in[41]
Cell user_project_wrapper (1) disconnected node: la_data_in[40]
Cell user_project_wrapper (1) disconnected node: la_data_in[39]
Cell user_project_wrapper (1) disconnected node: la_data_in[38]
Cell user_project_wrapper (1) disconnected node: la_data_in[37]
Cell user_project_wrapper (1) disconnected node: la_data_in[36]
Cell user_project_wrapper (1) disconnected node: la_data_in[35]
Cell user_project_wrapper (1) disconnected node: la_data_in[34]
Cell user_project_wrapper (1) disconnected node: la_data_in[33]
Cell user_project_wrapper (1) disconnected node: la_data_in[32]
Cell user_project_wrapper (1) disconnected node: la_data_in[31]
Cell user_project_wrapper (1) disconnected node: la_data_in[30]
Cell user_project_wrapper (1) disconnected node: la_data_in[29]
Cell user_project_wrapper (1) disconnected node: la_data_in[28]
Cell user_project_wrapper (1) disconnected node: la_data_in[27]
Cell user_project_wrapper (1) disconnected node: la_data_in[26]
Cell user_project_wrapper (1) disconnected node: la_data_in[25]
Cell user_project_wrapper (1) disconnected node: la_data_in[24]
Cell user_project_wrapper (1) disconnected node: la_data_in[23]
Cell user_project_wrapper (1) disconnected node: la_data_in[22]
Cell user_project_wrapper (1) disconnected node: la_data_in[21]
Cell user_project_wrapper (1) disconnected node: la_data_in[20]
Cell user_project_wrapper (1) disconnected node: la_data_in[19]
Cell user_project_wrapper (1) disconnected node: la_data_in[18]
Cell user_project_wrapper (1) disconnected node: la_data_in[17]
Cell user_project_wrapper (1) disconnected node: la_data_in[16]
Cell user_project_wrapper (1) disconnected node: la_data_in[15]
Cell user_project_wrapper (1) disconnected node: la_data_in[14]
Cell user_project_wrapper (1) disconnected node: la_data_in[13]
Cell user_project_wrapper (1) disconnected node: la_data_in[12]
Cell user_project_wrapper (1) disconnected node: la_data_in[11]
Cell user_project_wrapper (1) disconnected node: la_data_in[10]
Cell user_project_wrapper (1) disconnected node: la_data_in[9]
Cell user_project_wrapper (1) disconnected node: la_data_in[8]
Cell user_project_wrapper (1) disconnected node: la_data_in[7]
Cell user_project_wrapper (1) disconnected node: la_data_in[6]
Cell user_project_wrapper (1) disconnected node: la_data_in[5]
Cell user_project_wrapper (1) disconnected node: la_data_in[4]
Cell user_project_wrapper (1) disconnected node: la_data_in[3]
Cell user_project_wrapper (1) disconnected node: la_data_in[2]
Cell user_project_wrapper (1) disconnected node: la_data_in[1]
Cell user_project_wrapper (1) disconnected node: la_data_in[0]
Cell user_project_wrapper (1) disconnected node: la_data_out[127]
Cell user_project_wrapper (1) disconnected node: la_data_out[126]
Cell user_project_wrapper (1) disconnected node: la_data_out[125]
Cell user_project_wrapper (1) disconnected node: la_data_out[124]
Cell user_project_wrapper (1) disconnected node: la_data_out[123]
Cell user_project_wrapper (1) disconnected node: la_data_out[122]
Cell user_project_wrapper (1) disconnected node: la_data_out[121]
Cell user_project_wrapper (1) disconnected node: la_data_out[120]
Cell user_project_wrapper (1) disconnected node: la_data_out[119]
Cell user_project_wrapper (1) disconnected node: la_data_out[118]
Cell user_project_wrapper (1) disconnected node: la_data_out[117]
Cell user_project_wrapper (1) disconnected node: la_data_out[116]
Cell user_project_wrapper (1) disconnected node: la_data_out[115]
Cell user_project_wrapper (1) disconnected node: la_data_out[114]
Cell user_project_wrapper (1) disconnected node: la_data_out[113]
Cell user_project_wrapper (1) disconnected node: la_data_out[112]
Cell user_project_wrapper (1) disconnected node: la_data_out[111]
Cell user_project_wrapper (1) disconnected node: la_data_out[110]
Cell user_project_wrapper (1) disconnected node: la_data_out[109]
Cell user_project_wrapper (1) disconnected node: la_data_out[108]
Cell user_project_wrapper (1) disconnected node: la_data_out[107]
Cell user_project_wrapper (1) disconnected node: la_data_out[106]
Cell user_project_wrapper (1) disconnected node: la_data_out[105]
Cell user_project_wrapper (1) disconnected node: la_data_out[104]
Cell user_project_wrapper (1) disconnected node: la_data_out[103]
Cell user_project_wrapper (1) disconnected node: la_data_out[102]
Cell user_project_wrapper (1) disconnected node: la_data_out[101]
Cell user_project_wrapper (1) disconnected node: la_data_out[100]
Cell user_project_wrapper (1) disconnected node: la_data_out[99]
Cell user_project_wrapper (1) disconnected node: la_data_out[98]
Cell user_project_wrapper (1) disconnected node: la_data_out[97]
Cell user_project_wrapper (1) disconnected node: la_data_out[96]
Cell user_project_wrapper (1) disconnected node: la_data_out[95]
Cell user_project_wrapper (1) disconnected node: la_data_out[94]
Cell user_project_wrapper (1) disconnected node: la_data_out[93]
Cell user_project_wrapper (1) disconnected node: la_data_out[92]
Cell user_project_wrapper (1) disconnected node: la_data_out[91]
Cell user_project_wrapper (1) disconnected node: la_data_out[90]
Cell user_project_wrapper (1) disconnected node: la_data_out[89]
Cell user_project_wrapper (1) disconnected node: la_data_out[88]
Cell user_project_wrapper (1) disconnected node: la_data_out[87]
Cell user_project_wrapper (1) disconnected node: la_data_out[86]
Cell user_project_wrapper (1) disconnected node: la_data_out[85]
Cell user_project_wrapper (1) disconnected node: la_data_out[84]
Cell user_project_wrapper (1) disconnected node: la_data_out[83]
Cell user_project_wrapper (1) disconnected node: la_data_out[82]
Cell user_project_wrapper (1) disconnected node: la_data_out[81]
Cell user_project_wrapper (1) disconnected node: la_data_out[80]
Cell user_project_wrapper (1) disconnected node: la_data_out[79]
Cell user_project_wrapper (1) disconnected node: la_data_out[78]
Cell user_project_wrapper (1) disconnected node: la_data_out[77]
Cell user_project_wrapper (1) disconnected node: la_data_out[76]
Cell user_project_wrapper (1) disconnected node: la_data_out[75]
Cell user_project_wrapper (1) disconnected node: la_data_out[74]
Cell user_project_wrapper (1) disconnected node: la_data_out[73]
Cell user_project_wrapper (1) disconnected node: la_data_out[72]
Cell user_project_wrapper (1) disconnected node: la_data_out[71]
Cell user_project_wrapper (1) disconnected node: la_data_out[70]
Cell user_project_wrapper (1) disconnected node: la_data_out[69]
Cell user_project_wrapper (1) disconnected node: la_data_out[68]
Cell user_project_wrapper (1) disconnected node: la_data_out[67]
Cell user_project_wrapper (1) disconnected node: la_data_out[66]
Cell user_project_wrapper (1) disconnected node: la_data_out[65]
Cell user_project_wrapper (1) disconnected node: la_data_out[64]
Cell user_project_wrapper (1) disconnected node: la_data_out[63]
Cell user_project_wrapper (1) disconnected node: la_data_out[62]
Cell user_project_wrapper (1) disconnected node: la_data_out[61]
Cell user_project_wrapper (1) disconnected node: la_data_out[60]
Cell user_project_wrapper (1) disconnected node: la_data_out[59]
Cell user_project_wrapper (1) disconnected node: la_data_out[58]
Cell user_project_wrapper (1) disconnected node: la_data_out[57]
Cell user_project_wrapper (1) disconnected node: la_data_out[56]
Cell user_project_wrapper (1) disconnected node: la_data_out[55]
Cell user_project_wrapper (1) disconnected node: la_data_out[54]
Cell user_project_wrapper (1) disconnected node: la_data_out[53]
Cell user_project_wrapper (1) disconnected node: la_data_out[52]
Cell user_project_wrapper (1) disconnected node: la_data_out[51]
Cell user_project_wrapper (1) disconnected node: la_data_out[50]
Cell user_project_wrapper (1) disconnected node: la_data_out[49]
Cell user_project_wrapper (1) disconnected node: la_data_out[48]
Cell user_project_wrapper (1) disconnected node: la_data_out[47]
Cell user_project_wrapper (1) disconnected node: la_data_out[46]
Cell user_project_wrapper (1) disconnected node: la_data_out[45]
Cell user_project_wrapper (1) disconnected node: la_data_out[44]
Cell user_project_wrapper (1) disconnected node: la_data_out[43]
Cell user_project_wrapper (1) disconnected node: la_data_out[42]
Cell user_project_wrapper (1) disconnected node: la_data_out[41]
Cell user_project_wrapper (1) disconnected node: la_data_out[40]
Cell user_project_wrapper (1) disconnected node: la_data_out[39]
Cell user_project_wrapper (1) disconnected node: la_data_out[38]
Cell user_project_wrapper (1) disconnected node: la_data_out[37]
Cell user_project_wrapper (1) disconnected node: la_data_out[36]
Cell user_project_wrapper (1) disconnected node: la_data_out[35]
Cell user_project_wrapper (1) disconnected node: la_data_out[34]
Cell user_project_wrapper (1) disconnected node: la_data_out[33]
Cell user_project_wrapper (1) disconnected node: la_data_out[32]
Cell user_project_wrapper (1) disconnected node: la_data_out[31]
Cell user_project_wrapper (1) disconnected node: la_data_out[30]
Cell user_project_wrapper (1) disconnected node: la_data_out[29]
Cell user_project_wrapper (1) disconnected node: la_data_out[28]
Cell user_project_wrapper (1) disconnected node: la_data_out[27]
Cell user_project_wrapper (1) disconnected node: la_data_out[26]
Cell user_project_wrapper (1) disconnected node: la_data_out[25]
Cell user_project_wrapper (1) disconnected node: la_data_out[24]
Cell user_project_wrapper (1) disconnected node: la_data_out[23]
Cell user_project_wrapper (1) disconnected node: la_data_out[22]
Cell user_project_wrapper (1) disconnected node: la_data_out[21]
Cell user_project_wrapper (1) disconnected node: la_data_out[20]
Cell user_project_wrapper (1) disconnected node: la_data_out[19]
Cell user_project_wrapper (1) disconnected node: la_data_out[18]
Cell user_project_wrapper (1) disconnected node: la_data_out[17]
Cell user_project_wrapper (1) disconnected node: la_data_out[16]
Cell user_project_wrapper (1) disconnected node: la_data_out[15]
Cell user_project_wrapper (1) disconnected node: la_data_out[14]
Cell user_project_wrapper (1) disconnected node: la_data_out[13]
Cell user_project_wrapper (1) disconnected node: la_data_out[12]
Cell user_project_wrapper (1) disconnected node: la_data_out[11]
Cell user_project_wrapper (1) disconnected node: la_data_out[10]
Cell user_project_wrapper (1) disconnected node: la_data_out[9]
Cell user_project_wrapper (1) disconnected node: la_data_out[8]
Cell user_project_wrapper (1) disconnected node: la_data_out[7]
Cell user_project_wrapper (1) disconnected node: la_data_out[6]
Cell user_project_wrapper (1) disconnected node: la_data_out[5]
Cell user_project_wrapper (1) disconnected node: la_data_out[4]
Cell user_project_wrapper (1) disconnected node: la_data_out[3]
Cell user_project_wrapper (1) disconnected node: la_data_out[2]
Cell user_project_wrapper (1) disconnected node: la_data_out[1]
Cell user_project_wrapper (1) disconnected node: la_data_out[0]
Cell user_project_wrapper (1) disconnected node: la_oenb[127]
Cell user_project_wrapper (1) disconnected node: la_oenb[126]
Cell user_project_wrapper (1) disconnected node: la_oenb[125]
Cell user_project_wrapper (1) disconnected node: la_oenb[124]
Cell user_project_wrapper (1) disconnected node: la_oenb[123]
Cell user_project_wrapper (1) disconnected node: la_oenb[122]
Cell user_project_wrapper (1) disconnected node: la_oenb[121]
Cell user_project_wrapper (1) disconnected node: la_oenb[120]
Cell user_project_wrapper (1) disconnected node: la_oenb[119]
Cell user_project_wrapper (1) disconnected node: la_oenb[118]
Cell user_project_wrapper (1) disconnected node: la_oenb[117]
Cell user_project_wrapper (1) disconnected node: la_oenb[116]
Cell user_project_wrapper (1) disconnected node: la_oenb[115]
Cell user_project_wrapper (1) disconnected node: la_oenb[114]
Cell user_project_wrapper (1) disconnected node: la_oenb[113]
Cell user_project_wrapper (1) disconnected node: la_oenb[112]
Cell user_project_wrapper (1) disconnected node: la_oenb[111]
Cell user_project_wrapper (1) disconnected node: la_oenb[110]
Cell user_project_wrapper (1) disconnected node: la_oenb[109]
Cell user_project_wrapper (1) disconnected node: la_oenb[108]
Cell user_project_wrapper (1) disconnected node: la_oenb[107]
Cell user_project_wrapper (1) disconnected node: la_oenb[106]
Cell user_project_wrapper (1) disconnected node: la_oenb[105]
Cell user_project_wrapper (1) disconnected node: la_oenb[104]
Cell user_project_wrapper (1) disconnected node: la_oenb[103]
Cell user_project_wrapper (1) disconnected node: la_oenb[102]
Cell user_project_wrapper (1) disconnected node: la_oenb[101]
Cell user_project_wrapper (1) disconnected node: la_oenb[100]
Cell user_project_wrapper (1) disconnected node: la_oenb[99]
Cell user_project_wrapper (1) disconnected node: la_oenb[98]
Cell user_project_wrapper (1) disconnected node: la_oenb[97]
Cell user_project_wrapper (1) disconnected node: la_oenb[96]
Cell user_project_wrapper (1) disconnected node: la_oenb[95]
Cell user_project_wrapper (1) disconnected node: la_oenb[94]
Cell user_project_wrapper (1) disconnected node: la_oenb[93]
Cell user_project_wrapper (1) disconnected node: la_oenb[92]
Cell user_project_wrapper (1) disconnected node: la_oenb[91]
Cell user_project_wrapper (1) disconnected node: la_oenb[90]
Cell user_project_wrapper (1) disconnected node: la_oenb[89]
Cell user_project_wrapper (1) disconnected node: la_oenb[88]
Cell user_project_wrapper (1) disconnected node: la_oenb[87]
Cell user_project_wrapper (1) disconnected node: la_oenb[86]
Cell user_project_wrapper (1) disconnected node: la_oenb[85]
Cell user_project_wrapper (1) disconnected node: la_oenb[84]
Cell user_project_wrapper (1) disconnected node: la_oenb[83]
Cell user_project_wrapper (1) disconnected node: la_oenb[82]
Cell user_project_wrapper (1) disconnected node: la_oenb[81]
Cell user_project_wrapper (1) disconnected node: la_oenb[80]
Cell user_project_wrapper (1) disconnected node: la_oenb[79]
Cell user_project_wrapper (1) disconnected node: la_oenb[78]
Cell user_project_wrapper (1) disconnected node: la_oenb[77]
Cell user_project_wrapper (1) disconnected node: la_oenb[76]
Cell user_project_wrapper (1) disconnected node: la_oenb[75]
Cell user_project_wrapper (1) disconnected node: la_oenb[74]
Cell user_project_wrapper (1) disconnected node: la_oenb[73]
Cell user_project_wrapper (1) disconnected node: la_oenb[72]
Cell user_project_wrapper (1) disconnected node: la_oenb[71]
Cell user_project_wrapper (1) disconnected node: la_oenb[70]
Cell user_project_wrapper (1) disconnected node: la_oenb[69]
Cell user_project_wrapper (1) disconnected node: la_oenb[68]
Cell user_project_wrapper (1) disconnected node: la_oenb[67]
Cell user_project_wrapper (1) disconnected node: la_oenb[66]
Cell user_project_wrapper (1) disconnected node: la_oenb[65]
Cell user_project_wrapper (1) disconnected node: la_oenb[64]
Cell user_project_wrapper (1) disconnected node: la_oenb[63]
Cell user_project_wrapper (1) disconnected node: la_oenb[62]
Cell user_project_wrapper (1) disconnected node: la_oenb[61]
Cell user_project_wrapper (1) disconnected node: la_oenb[60]
Cell user_project_wrapper (1) disconnected node: la_oenb[59]
Cell user_project_wrapper (1) disconnected node: la_oenb[58]
Cell user_project_wrapper (1) disconnected node: la_oenb[57]
Cell user_project_wrapper (1) disconnected node: la_oenb[56]
Cell user_project_wrapper (1) disconnected node: la_oenb[55]
Cell user_project_wrapper (1) disconnected node: la_oenb[54]
Cell user_project_wrapper (1) disconnected node: la_oenb[53]
Cell user_project_wrapper (1) disconnected node: la_oenb[52]
Cell user_project_wrapper (1) disconnected node: la_oenb[51]
Cell user_project_wrapper (1) disconnected node: la_oenb[50]
Cell user_project_wrapper (1) disconnected node: la_oenb[49]
Cell user_project_wrapper (1) disconnected node: la_oenb[48]
Cell user_project_wrapper (1) disconnected node: la_oenb[47]
Cell user_project_wrapper (1) disconnected node: la_oenb[46]
Cell user_project_wrapper (1) disconnected node: la_oenb[45]
Cell user_project_wrapper (1) disconnected node: la_oenb[44]
Cell user_project_wrapper (1) disconnected node: la_oenb[43]
Cell user_project_wrapper (1) disconnected node: la_oenb[42]
Cell user_project_wrapper (1) disconnected node: la_oenb[41]
Cell user_project_wrapper (1) disconnected node: la_oenb[40]
Cell user_project_wrapper (1) disconnected node: la_oenb[39]
Cell user_project_wrapper (1) disconnected node: la_oenb[38]
Cell user_project_wrapper (1) disconnected node: la_oenb[37]
Cell user_project_wrapper (1) disconnected node: la_oenb[36]
Cell user_project_wrapper (1) disconnected node: la_oenb[35]
Cell user_project_wrapper (1) disconnected node: la_oenb[34]
Cell user_project_wrapper (1) disconnected node: la_oenb[33]
Cell user_project_wrapper (1) disconnected node: la_oenb[32]
Cell user_project_wrapper (1) disconnected node: la_oenb[31]
Cell user_project_wrapper (1) disconnected node: la_oenb[30]
Cell user_project_wrapper (1) disconnected node: la_oenb[29]
Cell user_project_wrapper (1) disconnected node: la_oenb[28]
Cell user_project_wrapper (1) disconnected node: la_oenb[27]
Cell user_project_wrapper (1) disconnected node: la_oenb[26]
Cell user_project_wrapper (1) disconnected node: la_oenb[25]
Cell user_project_wrapper (1) disconnected node: la_oenb[24]
Cell user_project_wrapper (1) disconnected node: la_oenb[23]
Cell user_project_wrapper (1) disconnected node: la_oenb[22]
Cell user_project_wrapper (1) disconnected node: la_oenb[21]
Cell user_project_wrapper (1) disconnected node: la_oenb[20]
Cell user_project_wrapper (1) disconnected node: la_oenb[19]
Cell user_project_wrapper (1) disconnected node: la_oenb[18]
Cell user_project_wrapper (1) disconnected node: la_oenb[17]
Cell user_project_wrapper (1) disconnected node: la_oenb[16]
Cell user_project_wrapper (1) disconnected node: la_oenb[15]
Cell user_project_wrapper (1) disconnected node: la_oenb[14]
Cell user_project_wrapper (1) disconnected node: la_oenb[13]
Cell user_project_wrapper (1) disconnected node: la_oenb[12]
Cell user_project_wrapper (1) disconnected node: la_oenb[11]
Cell user_project_wrapper (1) disconnected node: la_oenb[10]
Cell user_project_wrapper (1) disconnected node: la_oenb[9]
Cell user_project_wrapper (1) disconnected node: la_oenb[8]
Cell user_project_wrapper (1) disconnected node: la_oenb[7]
Cell user_project_wrapper (1) disconnected node: la_oenb[6]
Cell user_project_wrapper (1) disconnected node: la_oenb[5]
Cell user_project_wrapper (1) disconnected node: la_oenb[4]
Cell user_project_wrapper (1) disconnected node: la_oenb[3]
Cell user_project_wrapper (1) disconnected node: la_oenb[2]
Cell user_project_wrapper (1) disconnected node: la_oenb[1]
Cell user_project_wrapper (1) disconnected node: la_oenb[0]
Cell user_project_wrapper (1) disconnected node: user_irq[2]
Cell user_project_wrapper (1) disconnected node: user_irq[1]
Cell user_project_wrapper (1) disconnected node: user_irq[0]
Subcircuit summary:
Circuit 1: user_project_wrapper            |Circuit 2: user_project_wrapper            
-------------------------------------------|-------------------------------------------
afe_wb (1)                                 |afe_wb (1)                                 
CF_ADC_SAR12 (1)                           |CF_ADC_SAR12 (1)                           
CF_REFBUF (1)                              |CF_REFBUF (1)                              
CF_BUF_HIZ (1)                             |CF_BUF_HIZ (1)                             
CF_ADC_SAR12_sar_refs (1)                  |CF_ADC_SAR12_sar_refs (1)                  
CF_BGR (1)                                 |CF_BGR (1)                                 
Number of devices: 6                       |Number of devices: 6                       
Number of nets: 334                        |Number of nets: 334                        
---------------------------------------------------------------------------------------
Netlists match uniquely.

Subcircuit pins:
Circuit 1: user_project_wrapper            |Circuit 2: user_project_wrapper            
-------------------------------------------|-------------------------------------------
vccd1                                      |vccd1                                      
vssd1                                      |vssd1                                      
analog_io[26]                              |analog_io[26]                              
analog_io[7]                               |analog_io[7]                               
wb_clk_i                                   |wb_clk_i                                   
wb_rst_i                                   |wb_rst_i                                   
wbs_ack_o                                  |wbs_ack_o                                  
wbs_cyc_i                                  |wbs_cyc_i                                  
wbs_stb_i                                  |wbs_stb_i                                  
wbs_we_i                                   |wbs_we_i                                   
io_oeb[34]                                 |io_oeb[34]                                 
io_oeb[33]                                 |io_oeb[33]                                 
io_oeb[32]                                 |io_oeb[32]                                 
io_oeb[31]                                 |io_oeb[31]                                 
io_oeb[30]                                 |io_oeb[30]                                 
io_oeb[29]                                 |io_oeb[29]                                 
io_oeb[28]                                 |io_oeb[28]                                 
io_oeb[27]                                 |io_oeb[27]                                 
io_oeb[26]                                 |io_oeb[26]                                 
io_oeb[25]                                 |io_oeb[25]                                 
io_oeb[24]                                 |io_oeb[24]                                 
io_oeb[23]                                 |io_oeb[23]                                 
io_oeb[22]                                 |io_oeb[22]                                 
io_oeb[21]                                 |io_oeb[21]                                 
io_oeb[20]                                 |io_oeb[20]                                 
io_oeb[19]                                 |io_oeb[19]                                 
io_oeb[18]                                 |io_oeb[18]                                 
io_oeb[17]                                 |io_oeb[17]                                 
io_oeb[16]                                 |io_oeb[16]                                 
io_oeb[15]                                 |io_oeb[15]                                 
io_oeb[14]                                 |io_oeb[14]                                 
io_oeb[13]                                 |io_oeb[13]                                 
io_oeb[12]                                 |io_oeb[12]                                 
io_oeb[11]                                 |io_oeb[11]                                 
io_oeb[10]                                 |io_oeb[10]                                 
io_oeb[9]                                  |io_oeb[9]                                  
io_oeb[8]                                  |io_oeb[8]                                  
io_oeb[7]                                  |io_oeb[7]                                  
io_out[34]                                 |io_out[34]                                 
io_out[33]                                 |io_out[33]                                 
io_out[32]                                 |io_out[32]                                 
io_out[31]                                 |io_out[31]                                 
io_out[30]                                 |io_out[30]                                 
io_out[29]                                 |io_out[29]                                 
io_out[28]                                 |io_out[28]                                 
io_out[27]                                 |io_out[27]                                 
io_out[26]                                 |io_out[26]                                 
io_out[25]                                 |io_out[25]                                 
io_out[24]                                 |io_out[24]                                 
io_out[23]                                 |io_out[23]                                 
io_out[22]                                 |io_out[22]                                 
io_out[21]                                 |io_out[21]                                 
io_out[20]                                 |io_out[20]                                 
io_out[19]                                 |io_out[19]                                 
io_out[18]                                 |io_out[18]                                 
io_out[17]                                 |io_out[17]                                 
io_out[16]                                 |io_out[16]                                 
io_out[15]                                 |io_out[15]                                 
io_out[14]                                 |io_out[14]                                 
io_out[13]                                 |io_out[13]                                 
io_out[12]                                 |io_out[12]                                 
io_out[11]                                 |io_out[11]                                 
io_out[10]                                 |io_out[10]                                 
io_out[9]                                  |io_out[9]                                  
io_out[8]                                  |io_out[8]                                  
io_out[7]                                  |io_out[7]                                  
wbs_adr_i[31]                              |wbs_adr_i[31]                              
wbs_adr_i[30]                              |wbs_adr_i[30]                              
wbs_adr_i[29]                              |wbs_adr_i[29]                              
wbs_adr_i[28]                              |wbs_adr_i[28]                              
wbs_adr_i[27]                              |wbs_adr_i[27]                              
wbs_adr_i[26]                              |wbs_adr_i[26]                              
wbs_adr_i[25]                              |wbs_adr_i[25]                              
wbs_adr_i[24]                              |wbs_adr_i[24]                              
wbs_adr_i[23]                              |wbs_adr_i[23]                              
wbs_adr_i[22]                              |wbs_adr_i[22]                              
wbs_adr_i[21]                              |wbs_adr_i[21]                              
wbs_adr_i[20]                              |wbs_adr_i[20]                              
wbs_adr_i[19]                              |wbs_adr_i[19]                              
wbs_adr_i[18]                              |wbs_adr_i[18]                              
wbs_adr_i[17]                              |wbs_adr_i[17]                              
wbs_adr_i[16]                              |wbs_adr_i[16]                              
wbs_adr_i[15]                              |wbs_adr_i[15]                              
wbs_adr_i[14]                              |wbs_adr_i[14]                              
wbs_adr_i[13]                              |wbs_adr_i[13]                              
wbs_adr_i[12]                              |wbs_adr_i[12]                              
wbs_adr_i[11]                              |wbs_adr_i[11]                              
wbs_adr_i[10]                              |wbs_adr_i[10]                              
wbs_adr_i[9]                               |wbs_adr_i[9]                               
wbs_adr_i[8]                               |wbs_adr_i[8]                               
wbs_adr_i[7]                               |wbs_adr_i[7]                               
wbs_adr_i[6]                               |wbs_adr_i[6]                               
wbs_adr_i[5]                               |wbs_adr_i[5]                               
wbs_adr_i[4]                               |wbs_adr_i[4]                               
wbs_adr_i[3]                               |wbs_adr_i[3]                               
wbs_adr_i[2]                               |wbs_adr_i[2]                               
wbs_adr_i[1]                               |wbs_adr_i[1]                               
wbs_adr_i[0]                               |wbs_adr_i[0]                               
wbs_dat_i[31]                              |wbs_dat_i[31]                              
wbs_dat_i[30]                              |wbs_dat_i[30]                              
wbs_dat_i[29]                              |wbs_dat_i[29]                              
wbs_dat_i[28]                              |wbs_dat_i[28]                              
wbs_dat_i[27]                              |wbs_dat_i[27]                              
wbs_dat_i[26]                              |wbs_dat_i[26]                              
wbs_dat_i[25]                              |wbs_dat_i[25]                              
wbs_dat_i[24]                              |wbs_dat_i[24]                              
wbs_dat_i[23]                              |wbs_dat_i[23]                              
wbs_dat_i[22]                              |wbs_dat_i[22]                              
wbs_dat_i[21]                              |wbs_dat_i[21]                              
wbs_dat_i[20]                              |wbs_dat_i[20]                              
wbs_dat_i[19]                              |wbs_dat_i[19]                              
wbs_dat_i[18]                              |wbs_dat_i[18]                              
wbs_dat_i[17]                              |wbs_dat_i[17]                              
wbs_dat_i[16]                              |wbs_dat_i[16]                              
wbs_dat_i[15]                              |wbs_dat_i[15]                              
wbs_dat_i[14]                              |wbs_dat_i[14]                              
wbs_dat_i[13]                              |wbs_dat_i[13]                              
wbs_dat_i[12]                              |wbs_dat_i[12]                              
wbs_dat_i[11]                              |wbs_dat_i[11]                              
wbs_dat_i[10]                              |wbs_dat_i[10]                              
wbs_dat_i[9]                               |wbs_dat_i[9]                               
wbs_dat_i[8]                               |wbs_dat_i[8]                               
wbs_dat_i[7]                               |wbs_dat_i[7]                               
wbs_dat_i[6]                               |wbs_dat_i[6]                               
wbs_dat_i[5]                               |wbs_dat_i[5]                               
wbs_dat_i[4]                               |wbs_dat_i[4]                               
wbs_dat_i[3]                               |wbs_dat_i[3]                               
wbs_dat_i[2]                               |wbs_dat_i[2]                               
wbs_dat_i[1]                               |wbs_dat_i[1]                               
wbs_dat_i[0]                               |wbs_dat_i[0]                               
wbs_dat_o[31]                              |wbs_dat_o[31]                              
wbs_dat_o[30]                              |wbs_dat_o[30]                              
wbs_dat_o[29]                              |wbs_dat_o[29]                              
wbs_dat_o[28]                              |wbs_dat_o[28]                              
wbs_dat_o[27]                              |wbs_dat_o[27]                              
wbs_dat_o[26]                              |wbs_dat_o[26]                              
wbs_dat_o[25]                              |wbs_dat_o[25]                              
wbs_dat_o[24]                              |wbs_dat_o[24]                              
wbs_dat_o[23]                              |wbs_dat_o[23]                              
wbs_dat_o[22]                              |wbs_dat_o[22]                              
wbs_dat_o[21]                              |wbs_dat_o[21]                              
wbs_dat_o[20]                              |wbs_dat_o[20]                              
wbs_dat_o[19]                              |wbs_dat_o[19]                              
wbs_dat_o[18]                              |wbs_dat_o[18]                              
wbs_dat_o[17]                              |wbs_dat_o[17]                              
wbs_dat_o[16]                              |wbs_dat_o[16]                              
wbs_dat_o[15]                              |wbs_dat_o[15]                              
wbs_dat_o[14]                              |wbs_dat_o[14]                              
wbs_dat_o[13]                              |wbs_dat_o[13]                              
wbs_dat_o[12]                              |wbs_dat_o[12]                              
wbs_dat_o[11]                              |wbs_dat_o[11]                              
wbs_dat_o[10]                              |wbs_dat_o[10]                              
wbs_dat_o[9]                               |wbs_dat_o[9]                               
wbs_dat_o[8]                               |wbs_dat_o[8]                               
wbs_dat_o[7]                               |wbs_dat_o[7]                               
wbs_dat_o[6]                               |wbs_dat_o[6]                               
wbs_dat_o[5]                               |wbs_dat_o[5]                               
wbs_dat_o[4]                               |wbs_dat_o[4]                               
wbs_dat_o[3]                               |wbs_dat_o[3]                               
wbs_dat_o[2]                               |wbs_dat_o[2]                               
wbs_dat_o[1]                               |wbs_dat_o[1]                               
wbs_dat_o[0]                               |wbs_dat_o[0]                               
wbs_sel_i[3]                               |wbs_sel_i[3]                               
wbs_sel_i[2]                               |wbs_sel_i[2]                               
wbs_sel_i[1]                               |wbs_sel_i[1]                               
wbs_sel_i[0]                               |wbs_sel_i[0]                               
analog_io[22]                              |analog_io[22]                              
analog_io[20]                              |analog_io[20]                              
user_clock2                                |user_clock2                                
analog_io[21]                              |analog_io[21]                              
analog_io[24]                              |analog_io[24]                              
analog_io[0]                               |analog_io[0]                               
analog_io[9]                               |analog_io[9]                               
analog_io[16]                              |analog_io[16]                              
analog_io[17]                              |analog_io[17]                              
analog_io[14]                              |analog_io[14]                              
analog_io[10]                              |analog_io[10]                              
analog_io[15]                              |analog_io[15]                              
analog_io[18]                              |analog_io[18]                              
analog_io[19]                              |analog_io[19]                              
analog_io[13]                              |analog_io[13]                              
analog_io[12]                              |analog_io[12]                              
analog_io[11]                              |analog_io[11]                              
analog_io[3]                               |analog_io[3]                               
analog_io[4]                               |analog_io[4]                               
analog_io[5]                               |analog_io[5]                               
analog_io[6]                               |analog_io[6]                               
analog_io[2]                               |analog_io[2]                               
analog_io[1]                               |analog_io[1]                               
analog_io[25]                              |analog_io[25]                              
analog_io[27]                              |analog_io[27]                              
analog_io[8]                               |analog_io[8]                               
analog_io[23]                              |analog_io[23]                              
analog_io[28]                              |analog_io[28]                              
io_in[0]                                   |io_in[0]                                   
io_in[10]                                  |io_in[10]                                  
io_in[11]                                  |io_in[11]                                  
io_in[12]                                  |io_in[12]                                  
io_in[13]                                  |io_in[13]                                  
io_in[14]                                  |io_in[14]                                  
io_in[15]                                  |io_in[15]                                  
io_in[16]                                  |io_in[16]                                  
io_in[17]                                  |io_in[17]                                  
io_in[18]                                  |io_in[18]                                  
io_in[19]                                  |io_in[19]                                  
io_in[1]                                   |io_in[1]                                   
io_in[20]                                  |io_in[20]                                  
io_in[21]                                  |io_in[21]                                  
io_in[22]                                  |io_in[22]                                  
io_in[23]                                  |io_in[23]                                  
io_in[24]                                  |io_in[24]                                  
io_in[25]                                  |io_in[25]                                  
io_in[26]                                  |io_in[26]                                  
io_in[27]                                  |io_in[27]                                  
io_in[28]                                  |io_in[28]                                  
io_in[29]                                  |io_in[29]                                  
io_in[2]                                   |io_in[2]                                   
io_in[30]                                  |io_in[30]                                  
io_in[31]                                  |io_in[31]                                  
io_in[32]                                  |io_in[32]                                  
io_in[33]                                  |io_in[33]                                  
io_in[34]                                  |io_in[34]                                  
io_in[35]                                  |io_in[35]                                  
io_in[36]                                  |io_in[36]                                  
io_in[37]                                  |io_in[37]                                  
io_in[3]                                   |io_in[3]                                   
io_in[4]                                   |io_in[4]                                   
io_in[5]                                   |io_in[5]                                   
io_in[6]                                   |io_in[6]                                   
io_in[7]                                   |io_in[7]                                   
io_in[8]                                   |io_in[8]                                   
io_in[9]                                   |io_in[9]                                   
io_oeb[0]                                  |io_oeb[0]                                  
io_oeb[1]                                  |io_oeb[1]                                  
io_oeb[2]                                  |io_oeb[2]                                  
io_oeb[35]                                 |io_oeb[35]                                 
io_oeb[36]                                 |io_oeb[36]                                 
io_oeb[37]                                 |io_oeb[37]                                 
io_oeb[3]                                  |io_oeb[3]                                  
io_oeb[4]                                  |io_oeb[4]                                  
io_oeb[5]                                  |io_oeb[5]                                  
io_oeb[6]                                  |io_oeb[6]                                  
io_out[0]                                  |io_out[0]                                  
io_out[1]                                  |io_out[1]                                  
io_out[2]                                  |io_out[2]                                  
io_out[35]                                 |io_out[35]                                 
io_out[36]                                 |io_out[36]                                 
io_out[37]                                 |io_out[37]                                 
io_out[3]                                  |io_out[3]                                  
io_out[4]                                  |io_out[4]                                  
io_out[5]                                  |io_out[5]                                  
io_out[6]                                  |io_out[6]                                  
la_data_in[0]                              |la_data_in[0]                              
la_data_in[100]                            |la_data_in[100]                            
la_data_in[101]                            |la_data_in[101]                            
la_data_in[102]                            |la_data_in[102]                            
la_data_in[103]                            |la_data_in[103]                            
la_data_in[104]                            |la_data_in[104]                            
la_data_in[105]                            |la_data_in[105]                            
la_data_in[106]                            |la_data_in[106]                            
la_data_in[107]                            |la_data_in[107]                            
la_data_in[108]                            |la_data_in[108]                            
la_data_in[109]                            |la_data_in[109]                            
la_data_in[10]                             |la_data_in[10]                             
la_data_in[110]                            |la_data_in[110]                            
la_data_in[111]                            |la_data_in[111]                            
la_data_in[112]                            |la_data_in[112]                            
la_data_in[113]                            |la_data_in[113]                            
la_data_in[114]                            |la_data_in[114]                            
la_data_in[115]                            |la_data_in[115]                            
la_data_in[116]                            |la_data_in[116]                            
la_data_in[117]                            |la_data_in[117]                            
la_data_in[118]                            |la_data_in[118]                            
la_data_in[119]                            |la_data_in[119]                            
la_data_in[11]                             |la_data_in[11]                             
la_data_in[120]                            |la_data_in[120]                            
la_data_in[121]                            |la_data_in[121]                            
la_data_in[122]                            |la_data_in[122]                            
la_data_in[123]                            |la_data_in[123]                            
la_data_in[124]                            |la_data_in[124]                            
la_data_in[125]                            |la_data_in[125]                            
la_data_in[126]                            |la_data_in[126]                            
la_data_in[127]                            |la_data_in[127]                            
la_data_in[12]                             |la_data_in[12]                             
la_data_in[13]                             |la_data_in[13]                             
la_data_in[14]                             |la_data_in[14]                             
la_data_in[15]                             |la_data_in[15]                             
la_data_in[16]                             |la_data_in[16]                             
la_data_in[17]                             |la_data_in[17]                             
la_data_in[18]                             |la_data_in[18]                             
la_data_in[19]                             |la_data_in[19]                             
la_data_in[1]                              |la_data_in[1]                              
la_data_in[20]                             |la_data_in[20]                             
la_data_in[21]                             |la_data_in[21]                             
la_data_in[22]                             |la_data_in[22]                             
la_data_in[23]                             |la_data_in[23]                             
la_data_in[24]                             |la_data_in[24]                             
la_data_in[25]                             |la_data_in[25]                             
la_data_in[26]                             |la_data_in[26]                             
la_data_in[27]                             |la_data_in[27]                             
la_data_in[28]                             |la_data_in[28]                             
la_data_in[29]                             |la_data_in[29]                             
la_data_in[2]                              |la_data_in[2]                              
la_data_in[30]                             |la_data_in[30]                             
la_data_in[31]                             |la_data_in[31]                             
la_data_in[32]                             |la_data_in[32]                             
la_data_in[33]                             |la_data_in[33]                             
la_data_in[34]                             |la_data_in[34]                             
la_data_in[35]                             |la_data_in[35]                             
la_data_in[36]                             |la_data_in[36]                             
la_data_in[37]                             |la_data_in[37]                             
la_data_in[38]                             |la_data_in[38]                             
la_data_in[39]                             |la_data_in[39]                             
la_data_in[3]                              |la_data_in[3]                              
la_data_in[40]                             |la_data_in[40]                             
la_data_in[41]                             |la_data_in[41]                             
la_data_in[42]                             |la_data_in[42]                             
la_data_in[43]                             |la_data_in[43]                             
la_data_in[44]                             |la_data_in[44]                             
la_data_in[45]                             |la_data_in[45]                             
la_data_in[46]                             |la_data_in[46]                             
la_data_in[47]                             |la_data_in[47]                             
la_data_in[48]                             |la_data_in[48]                             
la_data_in[49]                             |la_data_in[49]                             
la_data_in[4]                              |la_data_in[4]                              
la_data_in[50]                             |la_data_in[50]                             
la_data_in[51]                             |la_data_in[51]                             
la_data_in[52]                             |la_data_in[52]                             
la_data_in[53]                             |la_data_in[53]                             
la_data_in[54]                             |la_data_in[54]                             
la_data_in[55]                             |la_data_in[55]                             
la_data_in[56]                             |la_data_in[56]                             
la_data_in[57]                             |la_data_in[57]                             
la_data_in[58]                             |la_data_in[58]                             
la_data_in[59]                             |la_data_in[59]                             
la_data_in[5]                              |la_data_in[5]                              
la_data_in[60]                             |la_data_in[60]                             
la_data_in[61]                             |la_data_in[61]                             
la_data_in[62]                             |la_data_in[62]                             
la_data_in[63]                             |la_data_in[63]                             
la_data_in[64]                             |la_data_in[64]                             
la_data_in[65]                             |la_data_in[65]                             
la_data_in[66]                             |la_data_in[66]                             
la_data_in[67]                             |la_data_in[67]                             
la_data_in[68]                             |la_data_in[68]                             
la_data_in[69]                             |la_data_in[69]                             
la_data_in[6]                              |la_data_in[6]                              
la_data_in[70]                             |la_data_in[70]                             
la_data_in[71]                             |la_data_in[71]                             
la_data_in[72]                             |la_data_in[72]                             
la_data_in[73]                             |la_data_in[73]                             
la_data_in[74]                             |la_data_in[74]                             
la_data_in[75]                             |la_data_in[75]                             
la_data_in[76]                             |la_data_in[76]                             
la_data_in[77]                             |la_data_in[77]                             
la_data_in[78]                             |la_data_in[78]                             
la_data_in[79]                             |la_data_in[79]                             
la_data_in[7]                              |la_data_in[7]                              
la_data_in[80]                             |la_data_in[80]                             
la_data_in[81]                             |la_data_in[81]                             
la_data_in[82]                             |la_data_in[82]                             
la_data_in[83]                             |la_data_in[83]                             
la_data_in[84]                             |la_data_in[84]                             
la_data_in[85]                             |la_data_in[85]                             
la_data_in[86]                             |la_data_in[86]                             
la_data_in[87]                             |la_data_in[87]                             
la_data_in[88]                             |la_data_in[88]                             
la_data_in[89]                             |la_data_in[89]                             
la_data_in[8]                              |la_data_in[8]                              
la_data_in[90]                             |la_data_in[90]                             
la_data_in[91]                             |la_data_in[91]                             
la_data_in[92]                             |la_data_in[92]                             
la_data_in[93]                             |la_data_in[93]                             
la_data_in[94]                             |la_data_in[94]                             
la_data_in[95]                             |la_data_in[95]                             
la_data_in[96]                             |la_data_in[96]                             
la_data_in[97]                             |la_data_in[97]                             
la_data_in[98]                             |la_data_in[98]                             
la_data_in[99]                             |la_data_in[99]                             
la_data_in[9]                              |la_data_in[9]                              
la_data_out[0]                             |la_data_out[0]                             
la_data_out[100]                           |la_data_out[100]                           
la_data_out[101]                           |la_data_out[101]                           
la_data_out[102]                           |la_data_out[102]                           
la_data_out[103]                           |la_data_out[103]                           
la_data_out[104]                           |la_data_out[104]                           
la_data_out[105]                           |la_data_out[105]                           
la_data_out[106]                           |la_data_out[106]                           
la_data_out[107]                           |la_data_out[107]                           
la_data_out[108]                           |la_data_out[108]                           
la_data_out[109]                           |la_data_out[109]                           
la_data_out[10]                            |la_data_out[10]                            
la_data_out[110]                           |la_data_out[110]                           
la_data_out[111]                           |la_data_out[111]                           
la_data_out[112]                           |la_data_out[112]                           
la_data_out[113]                           |la_data_out[113]                           
la_data_out[114]                           |la_data_out[114]                           
la_data_out[115]                           |la_data_out[115]                           
la_data_out[116]                           |la_data_out[116]                           
la_data_out[117]                           |la_data_out[117]                           
la_data_out[118]                           |la_data_out[118]                           
la_data_out[119]                           |la_data_out[119]                           
la_data_out[11]                            |la_data_out[11]                            
la_data_out[120]                           |la_data_out[120]                           
la_data_out[121]                           |la_data_out[121]                           
la_data_out[122]                           |la_data_out[122]                           
la_data_out[123]                           |la_data_out[123]                           
la_data_out[124]                           |la_data_out[124]                           
la_data_out[125]                           |la_data_out[125]                           
la_data_out[126]                           |la_data_out[126]                           
la_data_out[127]                           |la_data_out[127]                           
la_data_out[12]                            |la_data_out[12]                            
la_data_out[13]                            |la_data_out[13]                            
la_data_out[14]                            |la_data_out[14]                            
la_data_out[15]                            |la_data_out[15]                            
la_data_out[16]                            |la_data_out[16]                            
la_data_out[17]                            |la_data_out[17]                            
la_data_out[18]                            |la_data_out[18]                            
la_data_out[19]                            |la_data_out[19]                            
la_data_out[1]                             |la_data_out[1]                             
la_data_out[20]                            |la_data_out[20]                            
la_data_out[21]                            |la_data_out[21]                            
la_data_out[22]                            |la_data_out[22]                            
la_data_out[23]                            |la_data_out[23]                            
la_data_out[24]                            |la_data_out[24]                            
la_data_out[25]                            |la_data_out[25]                            
la_data_out[26]                            |la_data_out[26]                            
la_data_out[27]                            |la_data_out[27]                            
la_data_out[28]                            |la_data_out[28]                            
la_data_out[29]                            |la_data_out[29]                            
la_data_out[2]                             |la_data_out[2]                             
la_data_out[30]                            |la_data_out[30]                            
la_data_out[31]                            |la_data_out[31]                            
la_data_out[32]                            |la_data_out[32]                            
la_data_out[33]                            |la_data_out[33]                            
la_data_out[34]                            |la_data_out[34]                            
la_data_out[35]                            |la_data_out[35]                            
la_data_out[36]                            |la_data_out[36]                            
la_data_out[37]                            |la_data_out[37]                            
la_data_out[38]                            |la_data_out[38]                            
la_data_out[39]                            |la_data_out[39]                            
la_data_out[3]                             |la_data_out[3]                             
la_data_out[40]                            |la_data_out[40]                            
la_data_out[41]                            |la_data_out[41]                            
la_data_out[42]                            |la_data_out[42]                            
la_data_out[43]                            |la_data_out[43]                            
la_data_out[44]                            |la_data_out[44]                            
la_data_out[45]                            |la_data_out[45]                            
la_data_out[46]                            |la_data_out[46]                            
la_data_out[47]                            |la_data_out[47]                            
la_data_out[48]                            |la_data_out[48]                            
la_data_out[49]                            |la_data_out[49]                            
la_data_out[4]                             |la_data_out[4]                             
la_data_out[50]                            |la_data_out[50]                            
la_data_out[51]                            |la_data_out[51]                            
la_data_out[52]                            |la_data_out[52]                            
la_data_out[53]                            |la_data_out[53]                            
la_data_out[54]                            |la_data_out[54]                            
la_data_out[55]                            |la_data_out[55]                            
la_data_out[56]                            |la_data_out[56]                            
la_data_out[57]                            |la_data_out[57]                            
la_data_out[58]                            |la_data_out[58]                            
la_data_out[59]                            |la_data_out[59]                            
la_data_out[5]                             |la_data_out[5]                             
la_data_out[60]                            |la_data_out[60]                            
la_data_out[61]                            |la_data_out[61]                            
la_data_out[62]                            |la_data_out[62]                            
la_data_out[63]                            |la_data_out[63]                            
la_data_out[64]                            |la_data_out[64]                            
la_data_out[65]                            |la_data_out[65]                            
la_data_out[66]                            |la_data_out[66]                            
la_data_out[67]                            |la_data_out[67]                            
la_data_out[68]                            |la_data_out[68]                            
la_data_out[69]                            |la_data_out[69]                            
la_data_out[6]                             |la_data_out[6]                             
la_data_out[70]                            |la_data_out[70]                            
la_data_out[71]                            |la_data_out[71]                            
la_data_out[72]                            |la_data_out[72]                            
la_data_out[73]                            |la_data_out[73]                            
la_data_out[74]                            |la_data_out[74]                            
la_data_out[75]                            |la_data_out[75]                            
la_data_out[76]                            |la_data_out[76]                            
la_data_out[77]                            |la_data_out[77]                            
la_data_out[78]                            |la_data_out[78]                            
la_data_out[79]                            |la_data_out[79]                            
la_data_out[7]                             |la_data_out[7]                             
la_data_out[80]                            |la_data_out[80]                            
la_data_out[81]                            |la_data_out[81]                            
la_data_out[82]                            |la_data_out[82]                            
la_data_out[83]                            |la_data_out[83]                            
la_data_out[84]                            |la_data_out[84]                            
la_data_out[85]                            |la_data_out[85]                            
la_data_out[86]                            |la_data_out[86]                            
la_data_out[87]                            |la_data_out[87]                            
la_data_out[88]                            |la_data_out[88]                            
la_data_out[89]                            |la_data_out[89]                            
la_data_out[8]                             |la_data_out[8]                             
la_data_out[90]                            |la_data_out[90]                            
la_data_out[91]                            |la_data_out[91]                            
la_data_out[92]                            |la_data_out[92]                            
la_data_out[93]                            |la_data_out[93]                            
la_data_out[94]                            |la_data_out[94]                            
la_data_out[95]                            |la_data_out[95]                            
la_data_out[96]                            |la_data_out[96]                            
la_data_out[97]                            |la_data_out[97]                            
la_data_out[98]                            |la_data_out[98]                            
la_data_out[99]                            |la_data_out[99]                            
la_data_out[9]                             |la_data_out[9]                             
la_oenb[0]                                 |la_oenb[0]                                 
la_oenb[100]                               |la_oenb[100]                               
la_oenb[101]                               |la_oenb[101]                               
la_oenb[102]                               |la_oenb[102]                               
la_oenb[103]                               |la_oenb[103]                               
la_oenb[104]                               |la_oenb[104]                               
la_oenb[105]                               |la_oenb[105]                               
la_oenb[106]                               |la_oenb[106]                               
la_oenb[107]                               |la_oenb[107]                               
la_oenb[108]                               |la_oenb[108]                               
la_oenb[109]                               |la_oenb[109]                               
la_oenb[10]                                |la_oenb[10]                                
la_oenb[110]                               |la_oenb[110]                               
la_oenb[111]                               |la_oenb[111]                               
la_oenb[112]                               |la_oenb[112]                               
la_oenb[113]                               |la_oenb[113]                               
la_oenb[114]                               |la_oenb[114]                               
la_oenb[115]                               |la_oenb[115]                               
la_oenb[116]                               |la_oenb[116]                               
la_oenb[117]                               |la_oenb[117]                               
la_oenb[118]                               |la_oenb[118]                               
la_oenb[119]                               |la_oenb[119]                               
la_oenb[11]                                |la_oenb[11]                                
la_oenb[120]                               |la_oenb[120]                               
la_oenb[121]                               |la_oenb[121]                               
la_oenb[122]                               |la_oenb[122]                               
la_oenb[123]                               |la_oenb[123]                               
la_oenb[124]                               |la_oenb[124]                               
la_oenb[125]                               |la_oenb[125]                               
la_oenb[126]                               |la_oenb[126]                               
la_oenb[127]                               |la_oenb[127]                               
la_oenb[12]                                |la_oenb[12]                                
la_oenb[13]                                |la_oenb[13]                                
la_oenb[14]                                |la_oenb[14]                                
la_oenb[15]                                |la_oenb[15]                                
la_oenb[16]                                |la_oenb[16]                                
la_oenb[17]                                |la_oenb[17]                                
la_oenb[18]                                |la_oenb[18]                                
la_oenb[19]                                |la_oenb[19]                                
la_oenb[1]                                 |la_oenb[1]                                 
la_oenb[20]                                |la_oenb[20]                                
la_oenb[21]                                |la_oenb[21]                                
la_oenb[22]                                |la_oenb[22]                                
la_oenb[23]                                |la_oenb[23]                                
la_oenb[24]                                |la_oenb[24]                                
la_oenb[25]                                |la_oenb[25]                                
la_oenb[26]                                |la_oenb[26]                                
la_oenb[27]                                |la_oenb[27]                                
la_oenb[28]                                |la_oenb[28]                                
la_oenb[29]                                |la_oenb[29]                                
la_oenb[2]                                 |la_oenb[2]                                 
la_oenb[30]                                |la_oenb[30]                                
la_oenb[31]                                |la_oenb[31]                                
la_oenb[32]                                |la_oenb[32]                                
la_oenb[33]                                |la_oenb[33]                                
la_oenb[34]                                |la_oenb[34]                                
la_oenb[35]                                |la_oenb[35]                                
la_oenb[36]                                |la_oenb[36]                                
la_oenb[37]                                |la_oenb[37]                                
la_oenb[38]                                |la_oenb[38]                                
la_oenb[39]                                |la_oenb[39]                                
la_oenb[3]                                 |la_oenb[3]                                 
la_oenb[40]                                |la_oenb[40]                                
la_oenb[41]                                |la_oenb[41]                                
la_oenb[42]                                |la_oenb[42]                                
la_oenb[43]                                |la_oenb[43]                                
la_oenb[44]                                |la_oenb[44]                                
la_oenb[45]                                |la_oenb[45]                                
la_oenb[46]                                |la_oenb[46]                                
la_oenb[47]                                |la_oenb[47]                                
la_oenb[48]                                |la_oenb[48]                                
la_oenb[49]                                |la_oenb[49]                                
la_oenb[4]                                 |la_oenb[4]                                 
la_oenb[50]                                |la_oenb[50]                                
la_oenb[51]                                |la_oenb[51]                                
la_oenb[52]                                |la_oenb[52]                                
la_oenb[53]                                |la_oenb[53]                                
la_oenb[54]                                |la_oenb[54]                                
la_oenb[55]                                |la_oenb[55]                                
la_oenb[56]                                |la_oenb[56]                                
la_oenb[57]                                |la_oenb[57]                                
la_oenb[58]                                |la_oenb[58]                                
la_oenb[59]                                |la_oenb[59]                                
la_oenb[5]                                 |la_oenb[5]                                 
la_oenb[60]                                |la_oenb[60]                                
la_oenb[61]                                |la_oenb[61]                                
la_oenb[62]                                |la_oenb[62]                                
la_oenb[63]                                |la_oenb[63]                                
la_oenb[64]                                |la_oenb[64]                                
la_oenb[65]                                |la_oenb[65]                                
la_oenb[66]                                |la_oenb[66]                                
la_oenb[67]                                |la_oenb[67]                                
la_oenb[68]                                |la_oenb[68]                                
la_oenb[69]                                |la_oenb[69]                                
la_oenb[6]                                 |la_oenb[6]                                 
la_oenb[70]                                |la_oenb[70]                                
la_oenb[71]                                |la_oenb[71]                                
la_oenb[72]                                |la_oenb[72]                                
la_oenb[73]                                |la_oenb[73]                                
la_oenb[74]                                |la_oenb[74]                                
la_oenb[75]                                |la_oenb[75]                                
la_oenb[76]                                |la_oenb[76]                                
la_oenb[77]                                |la_oenb[77]                                
la_oenb[78]                                |la_oenb[78]                                
la_oenb[79]                                |la_oenb[79]                                
la_oenb[7]                                 |la_oenb[7]                                 
la_oenb[80]                                |la_oenb[80]                                
la_oenb[81]                                |la_oenb[81]                                
la_oenb[82]                                |la_oenb[82]                                
la_oenb[83]                                |la_oenb[83]                                
la_oenb[84]                                |la_oenb[84]                                
la_oenb[85]                                |la_oenb[85]                                
la_oenb[86]                                |la_oenb[86]                                
la_oenb[87]                                |la_oenb[87]                                
la_oenb[88]                                |la_oenb[88]                                
la_oenb[89]                                |la_oenb[89]                                
la_oenb[8]                                 |la_oenb[8]                                 
la_oenb[90]                                |la_oenb[90]                                
la_oenb[91]                                |la_oenb[91]                                
la_oenb[92]                                |la_oenb[92]                                
la_oenb[93]                                |la_oenb[93]                                
la_oenb[94]                                |la_oenb[94]                                
la_oenb[95]                                |la_oenb[95]                                
la_oenb[96]                                |la_oenb[96]                                
la_oenb[97]                                |la_oenb[97]                                
la_oenb[98]                                |la_oenb[98]                                
la_oenb[99]                                |la_oenb[99]                                
la_oenb[9]                                 |la_oenb[9]                                 
user_irq[0]                                |user_irq[0]                                
user_irq[1]                                |user_irq[1]                                
user_irq[2]                                |user_irq[2]                                
vccd2                                      |vccd2                                      
vdda1                                      |vdda1                                      
vdda2                                      |vdda2                                      
vssa1                                      |vssa1                                      
vssa2                                      |vssa2                                      
vssd2                                      |vssd2                                      
---------------------------------------------------------------------------------------
Cell pin lists are equivalent.
Device classes user_project_wrapper and user_project_wrapper are equivalent.

Final result: Circuits match uniquely.
.
